BeetleFly,dd_dtw_0.6,Random_10,0.65,0.125
BeetleFly,dd_dtw_0.8,Random_10,0.675,0.125
BeetleFly,dd_fdtw_0.6,Random_10,0.6,0.125
BeetleFly,dd_fdtw_0.8,Random_10,0.675,0.125
BeetleFly,dd_itakura_0.6,Random_10,0.65,0.125
BeetleFly,dd_itakura_0.8,Random_10,0.675,0.125
BeetleFly,dd_sakoe_chiba_0.6,Random_10,0.65,0.125
BeetleFly,dd_sakoe_chiba_0.8,Random_10,0.675,0.125
BeetleFly,dd_dtw_0.6,Random_50,0.85,0.5
BeetleFly,dd_dtw_0.8,Random_50,0.925,0.5
BeetleFly,dd_fdtw_0.6,Random_50,0.575,0.5
BeetleFly,dd_fdtw_0.8,Random_50,0.55,0.5
BeetleFly,dd_itakura_0.6,Random_50,0.875,0.5
BeetleFly,dd_itakura_0.8,Random_50,0.925,0.5
BeetleFly,dd_sakoe_chiba_0.6,Random_50,0.85,0.5
BeetleFly,dd_sakoe_chiba_0.8,Random_50,0.8,0.5
BeetleFly,dd_dtw_0.6,Random_30,0.825,0.312
BeetleFly,dd_dtw_0.8,Random_30,0.775,0.312
BeetleFly,dd_fdtw_0.6,Random_30,0.55,0.312
BeetleFly,dd_fdtw_0.8,Random_30,0.65,0.312
BeetleFly,dd_itakura_0.6,Random_30,0.825,0.312
BeetleFly,dd_itakura_0.8,Random_30,0.775,0.312
BeetleFly,dd_sakoe_chiba_0.6,Random_30,0.825,0.312
BeetleFly,dd_sakoe_chiba_0.8,Random_30,0.8,0.312
BeetleFly,dd_dtw_0.6,LassoSVC,0.875,0.7
BeetleFly,dd_dtw_0.8,LassoSVC,0.825,0.719
BeetleFly,dd_fdtw_0.6,LassoSVC,0.725,0.856
BeetleFly,dd_fdtw_0.8,LassoSVC,0.8,0.831
BeetleFly,dd_itakura_0.6,LassoSVC,0.85,0.706
BeetleFly,dd_itakura_0.8,LassoSVC,0.825,0.756
BeetleFly,dd_sakoe_chiba_0.6,LassoSVC,0.825,0.637
BeetleFly,dd_sakoe_chiba_0.8,LassoSVC,0.825,0.613
BeetleFly,dd_dtw_0.6,Tree,0.825,0.431
BeetleFly,dd_dtw_0.8,Tree,0.8,0.388
BeetleFly,dd_fdtw_0.6,Tree,0.675,0.381
BeetleFly,dd_fdtw_0.8,Tree,0.675,0.394
BeetleFly,dd_itakura_0.6,Tree,0.8,0.412
BeetleFly,dd_itakura_0.8,Tree,0.85,0.425
BeetleFly,dd_sakoe_chiba_0.6,Tree,0.725,0.431
BeetleFly,dd_sakoe_chiba_0.8,Tree,0.775,0.463
BirdChicken,dd_dtw_0.6,Random_10,0.7,0.125
BirdChicken,dd_dtw_0.8,Random_10,0.675,0.125
BirdChicken,dd_fdtw_0.6,Random_10,0.625,0.125
BirdChicken,dd_fdtw_0.8,Random_10,0.6,0.125
BirdChicken,dd_itakura_0.6,Random_10,0.7,0.125
BirdChicken,dd_itakura_0.8,Random_10,0.7,0.125
BirdChicken,dd_sakoe_chiba_0.6,Random_10,0.8,0.125
BirdChicken,dd_sakoe_chiba_0.8,Random_10,0.85,0.125
BirdChicken,dd_dtw_0.6,Random_50,0.85,0.5
BirdChicken,dd_dtw_0.8,Random_50,0.875,0.5
BirdChicken,dd_fdtw_0.6,Random_50,0.85,0.5
BirdChicken,dd_fdtw_0.8,Random_50,0.825,0.5
BirdChicken,dd_itakura_0.6,Random_50,0.9,0.5
BirdChicken,dd_itakura_0.8,Random_50,0.875,0.5
BirdChicken,dd_sakoe_chiba_0.6,Random_50,0.9,0.5
BirdChicken,dd_sakoe_chiba_0.8,Random_50,0.95,0.5
BirdChicken,dd_dtw_0.6,Random_30,0.75,0.312
BirdChicken,dd_dtw_0.8,Random_30,0.825,0.312
BirdChicken,dd_fdtw_0.6,Random_30,0.675,0.312
BirdChicken,dd_fdtw_0.8,Random_30,0.675,0.312
BirdChicken,dd_itakura_0.6,Random_30,0.75,0.312
BirdChicken,dd_itakura_0.8,Random_30,0.85,0.312
BirdChicken,dd_sakoe_chiba_0.6,Random_30,0.875,0.312
BirdChicken,dd_sakoe_chiba_0.8,Random_30,0.9,0.312
BirdChicken,dd_dtw_0.6,LassoSVC,0.925,0.744
BirdChicken,dd_dtw_0.8,LassoSVC,0.875,0.694
BirdChicken,dd_fdtw_0.6,LassoSVC,0.875,0.844
BirdChicken,dd_fdtw_0.8,LassoSVC,0.9,0.8
BirdChicken,dd_itakura_0.6,LassoSVC,0.925,0.788
BirdChicken,dd_itakura_0.8,LassoSVC,0.875,0.713
BirdChicken,dd_sakoe_chiba_0.6,LassoSVC,0.925,0.631
BirdChicken,dd_sakoe_chiba_0.8,LassoSVC,0.925,0.544
BirdChicken,dd_dtw_0.6,Tree,0.725,0.425
BirdChicken,dd_dtw_0.8,Tree,0.75,0.387
BirdChicken,dd_fdtw_0.6,Tree,0.875,0.425
BirdChicken,dd_fdtw_0.8,Tree,0.85,0.425
BirdChicken,dd_itakura_0.6,Tree,0.7,0.431
BirdChicken,dd_itakura_0.8,Tree,0.75,0.4
BirdChicken,dd_sakoe_chiba_0.6,Tree,0.775,0.406
BirdChicken,dd_sakoe_chiba_0.8,Tree,0.85,0.381
Coffee,dd_dtw_0.6,Random_10,0.96364,0.112
Coffee,dd_dtw_0.8,Random_10,0.98182,0.112
Coffee,dd_fdtw_0.6,Random_10,1,0.112
Coffee,dd_fdtw_0.8,Random_10,1,0.112
Coffee,dd_itakura_0.6,Random_10,0.96364,0.112
Coffee,dd_itakura_0.8,Random_10,0.98182,0.112
Coffee,dd_sakoe_chiba_0.6,Random_10,0.96364,0.112
Coffee,dd_sakoe_chiba_0.8,Random_10,0.98182,0.112
Coffee,dd_dtw_0.6,Random_50,1,0.509
Coffee,dd_dtw_0.8,Random_50,1,0.509
Coffee,dd_fdtw_0.6,Random_50,1,0.509
Coffee,dd_fdtw_0.8,Random_50,1,0.509
Coffee,dd_itakura_0.6,Random_50,1,0.509
Coffee,dd_itakura_0.8,Random_50,1,0.509
Coffee,dd_sakoe_chiba_0.6,Random_50,1,0.509
Coffee,dd_sakoe_chiba_0.8,Random_50,1,0.509
Coffee,dd_dtw_0.6,Random_30,1,0.313
Coffee,dd_dtw_0.8,Random_30,1,0.313
Coffee,dd_fdtw_0.6,Random_30,1,0.313
Coffee,dd_fdtw_0.8,Random_30,1,0.313
Coffee,dd_itakura_0.6,Random_30,1,0.313
Coffee,dd_itakura_0.8,Random_30,1,0.313
Coffee,dd_sakoe_chiba_0.6,Random_30,1,0.313
Coffee,dd_sakoe_chiba_0.8,Random_30,1,0.313
Coffee,dd_dtw_0.6,LassoSVC,1,0.375
Coffee,dd_dtw_0.8,LassoSVC,0.98182,0.428
Coffee,dd_fdtw_0.6,LassoSVC,1,0.732
Coffee,dd_fdtw_0.8,LassoSVC,1,0.821
Coffee,dd_itakura_0.6,LassoSVC,1,0.379
Coffee,dd_itakura_0.8,LassoSVC,0.98182,0.437
Coffee,dd_sakoe_chiba_0.6,LassoSVC,1,0.384
Coffee,dd_sakoe_chiba_0.8,LassoSVC,0.98182,0.433
Coffee,dd_dtw_0.6,Tree,0.98182,0.447
Coffee,dd_dtw_0.8,Tree,1,0.402
Coffee,dd_fdtw_0.6,Tree,0.98182,0.402
Coffee,dd_fdtw_0.8,Tree,1,0.379
Coffee,dd_itakura_0.6,Tree,0.98182,0.429
Coffee,dd_itakura_0.8,Tree,1,0.393
Coffee,dd_sakoe_chiba_0.6,Tree,0.98182,0.438
Coffee,dd_sakoe_chiba_0.8,Tree,1,0.415
Beef,dd_dtw_0.6,Random_10,0.35,0.104
Beef,dd_dtw_0.8,Random_10,0.31667,0.104
Beef,dd_fdtw_0.6,Random_10,0.4,0.104
Beef,dd_fdtw_0.8,Random_10,0.25,0.104
Beef,dd_itakura_0.6,Random_10,0.33333,0.104
Beef,dd_itakura_0.8,Random_10,0.31667,0.104
Beef,dd_sakoe_chiba_0.6,Random_10,0.36667,0.104
Beef,dd_sakoe_chiba_0.8,Random_10,0.31667,0.104
Beef,dd_dtw_0.6,Random_50,0.6,0.5
Beef,dd_dtw_0.8,Random_50,0.5,0.5
Beef,dd_fdtw_0.6,Random_50,0.58333,0.5
Beef,dd_fdtw_0.8,Random_50,0.63333,0.5
Beef,dd_itakura_0.6,Random_50,0.5,0.5
Beef,dd_itakura_0.8,Random_50,0.6,0.5
Beef,dd_sakoe_chiba_0.6,Random_50,0.6,0.5
Beef,dd_sakoe_chiba_0.8,Random_50,0.55,0.5
Beef,dd_dtw_0.6,Random_30,0.5,0.312
Beef,dd_dtw_0.8,Random_30,0.51667,0.312
Beef,dd_fdtw_0.6,Random_30,0.48333,0.312
Beef,dd_fdtw_0.8,Random_30,0.6,0.312
Beef,dd_itakura_0.6,Random_30,0.53333,0.312
Beef,dd_itakura_0.8,Random_30,0.55,0.312
Beef,dd_sakoe_chiba_0.6,Random_30,0.51667,0.312
Beef,dd_sakoe_chiba_0.8,Random_30,0.56667,0.312
Beef,dd_dtw_0.6,LassoSVC,0.63333,0.921
Beef,dd_dtw_0.8,LassoSVC,0.71667,0.854
Beef,dd_fdtw_0.6,LassoSVC,0.58333,1
Beef,dd_fdtw_0.8,LassoSVC,0.73333,1
Beef,dd_itakura_0.6,LassoSVC,0.66667,0.908
Beef,dd_itakura_0.8,LassoSVC,0.7,0.85
Beef,dd_sakoe_chiba_0.6,LassoSVC,0.63333,0.908
Beef,dd_sakoe_chiba_0.8,LassoSVC,0.71667,0.796
Beef,dd_dtw_0.6,Tree,0.56667,0.433
Beef,dd_dtw_0.8,Tree,0.6,0.471
Beef,dd_fdtw_0.6,Tree,0.53333,0.433
Beef,dd_fdtw_0.8,Tree,0.56667,0.429
Beef,dd_itakura_0.6,Tree,0.53333,0.446
Beef,dd_itakura_0.8,Tree,0.58333,0.462
Beef,dd_sakoe_chiba_0.6,Tree,0.65,0.454
Beef,dd_sakoe_chiba_0.8,Tree,0.55,0.442
OliveOil,dd_dtw_0.6,Random_10,0.58333,0.104
OliveOil,dd_dtw_0.8,Random_10,0.46667,0.104
OliveOil,dd_fdtw_0.6,Random_10,0.81667,0.104
OliveOil,dd_fdtw_0.8,Random_10,0.81667,0.104
OliveOil,dd_itakura_0.6,Random_10,0.58333,0.104
OliveOil,dd_itakura_0.8,Random_10,0.46667,0.104
OliveOil,dd_sakoe_chiba_0.6,Random_10,0.58333,0.104
OliveOil,dd_sakoe_chiba_0.8,Random_10,0.46667,0.104
OliveOil,dd_dtw_0.6,Random_50,0.7,0.5
OliveOil,dd_dtw_0.8,Random_50,0.66667,0.5
OliveOil,dd_fdtw_0.6,Random_50,0.88333,0.5
OliveOil,dd_fdtw_0.8,Random_50,0.88333,0.5
OliveOil,dd_itakura_0.6,Random_50,0.7,0.5
OliveOil,dd_itakura_0.8,Random_50,0.66667,0.5
OliveOil,dd_sakoe_chiba_0.6,Random_50,0.7,0.5
OliveOil,dd_sakoe_chiba_0.8,Random_50,0.66667,0.5
OliveOil,dd_dtw_0.6,Random_30,0.68333,0.312
OliveOil,dd_dtw_0.8,Random_30,0.63333,0.312
OliveOil,dd_fdtw_0.6,Random_30,0.88333,0.312
OliveOil,dd_fdtw_0.8,Random_30,0.88333,0.312
OliveOil,dd_itakura_0.6,Random_30,0.68333,0.312
OliveOil,dd_itakura_0.8,Random_30,0.63333,0.312
OliveOil,dd_sakoe_chiba_0.6,Random_30,0.68333,0.312
OliveOil,dd_sakoe_chiba_0.8,Random_30,0.63333,0.312
OliveOil,dd_dtw_0.6,LassoSVC,0.63333,0.246
OliveOil,dd_dtw_0.8,LassoSVC,0.61667,0.225
OliveOil,dd_fdtw_0.6,LassoSVC,0.91667,0.829
OliveOil,dd_fdtw_0.8,LassoSVC,0.9,0.825
OliveOil,dd_itakura_0.6,LassoSVC,0.63333,0.242
OliveOil,dd_itakura_0.8,LassoSVC,0.63333,0.225
OliveOil,dd_sakoe_chiba_0.6,LassoSVC,0.63333,0.246
OliveOil,dd_sakoe_chiba_0.8,LassoSVC,0.61667,0.225
OliveOil,dd_dtw_0.6,Tree,0.71667,0.463
OliveOil,dd_dtw_0.8,Tree,0.63333,0.463
OliveOil,dd_fdtw_0.6,Tree,0.86667,0.471
OliveOil,dd_fdtw_0.8,Tree,0.88333,0.458
OliveOil,dd_itakura_0.6,Tree,0.71667,0.467
OliveOil,dd_itakura_0.8,Tree,0.63333,0.446
OliveOil,dd_sakoe_chiba_0.6,Tree,0.71667,0.463
OliveOil,dd_sakoe_chiba_0.8,Tree,0.63333,0.463
Wine,dd_dtw_0.6,Random_10,0.43202,0.101
Wine,dd_dtw_0.8,Random_10,0.42332,0.101
Wine,dd_fdtw_0.6,Random_10,0.54901,0.101
Wine,dd_fdtw_0.8,Random_10,0.5498,0.101
Wine,dd_itakura_0.6,Random_10,0.43202,0.101
Wine,dd_itakura_0.8,Random_10,0.42332,0.101
Wine,dd_sakoe_chiba_0.6,Random_10,0.43202,0.101
Wine,dd_sakoe_chiba_0.8,Random_10,0.42332,0.101
Wine,dd_dtw_0.6,Random_50,0.52213,0.504
Wine,dd_dtw_0.8,Random_50,0.46838,0.504
Wine,dd_fdtw_0.6,Random_50,0.90949,0.504
Wine,dd_fdtw_0.8,Random_50,0.84743,0.504
Wine,dd_itakura_0.6,Random_50,0.50435,0.504
Wine,dd_itakura_0.8,Random_50,0.46838,0.504
Wine,dd_sakoe_chiba_0.6,Random_50,0.52213,0.504
Wine,dd_sakoe_chiba_0.8,Random_50,0.46838,0.504
Wine,dd_dtw_0.6,Random_30,0.50435,0.304
Wine,dd_dtw_0.8,Random_30,0.45059,0.304
Wine,dd_fdtw_0.6,Random_30,0.82846,0.304
Wine,dd_fdtw_0.8,Random_30,0.74862,0.304
Wine,dd_itakura_0.6,Random_30,0.49526,0.304
Wine,dd_itakura_0.8,Random_30,0.45059,0.304
Wine,dd_sakoe_chiba_0.6,Random_30,0.50435,0.304
Wine,dd_sakoe_chiba_0.8,Random_30,0.45059,0.304
Wine,dd_dtw_0.6,LassoSVC,0.45889,0.101
Wine,dd_dtw_0.8,LassoSVC,0.40514,0.0406
Wine,dd_fdtw_0.6,LassoSVC,0.93636,0.82
Wine,dd_fdtw_0.8,LassoSVC,0.883,0.734
Wine,dd_itakura_0.6,LassoSVC,0.46798,0.0992
Wine,dd_itakura_0.8,LassoSVC,0.41423,0.0406
Wine,dd_sakoe_chiba_0.6,LassoSVC,0.45889,0.101
Wine,dd_sakoe_chiba_0.8,LassoSVC,0.40514,0.0406
Wine,dd_dtw_0.6,Tree,0.50435,0.401
Wine,dd_dtw_0.8,Tree,0.45929,0.453
Wine,dd_fdtw_0.6,Tree,0.80988,0.392
Wine,dd_fdtw_0.8,Tree,0.69565,0.414
Wine,dd_itakura_0.6,Tree,0.50435,0.392
Wine,dd_itakura_0.8,Tree,0.47668,0.466
Wine,dd_sakoe_chiba_0.6,Tree,0.50435,0.401
Wine,dd_sakoe_chiba_0.8,Tree,0.45929,0.453
FaceFour,dd_dtw_0.6,Random_10,0.81423,0.1
FaceFour,dd_dtw_0.8,Random_10,0.79565,0.1
FaceFour,dd_fdtw_0.6,Random_10,0.79526,0.1
FaceFour,dd_fdtw_0.8,Random_10,0.83083,0.1
FaceFour,dd_itakura_0.6,Random_10,0.82213,0.1
FaceFour,dd_itakura_0.8,Random_10,0.76798,0.1
FaceFour,dd_sakoe_chiba_0.6,Random_10,0.87589,0.1
FaceFour,dd_sakoe_chiba_0.8,Random_10,0.78617,0.1
FaceFour,dd_dtw_0.6,Random_50,0.91107,0.502
FaceFour,dd_dtw_0.8,Random_50,0.91028,0.502
FaceFour,dd_fdtw_0.6,Random_50,0.94625,0.502
FaceFour,dd_fdtw_0.8,Random_50,0.96443,0.502
FaceFour,dd_itakura_0.6,Random_50,0.91976,0.502
FaceFour,dd_itakura_0.8,Random_50,0.91028,0.502
FaceFour,dd_sakoe_chiba_0.6,Random_50,0.92846,0.502
FaceFour,dd_sakoe_chiba_0.8,Random_50,0.90198,0.502
FaceFour,dd_dtw_0.6,Random_30,0.92016,0.301
FaceFour,dd_dtw_0.8,Random_30,0.90158,0.301
FaceFour,dd_fdtw_0.6,Random_30,0.94664,0.301
FaceFour,dd_fdtw_0.8,Random_30,0.95534,0.301
FaceFour,dd_itakura_0.6,Random_30,0.92885,0.301
FaceFour,dd_itakura_0.8,Random_30,0.92885,0.301
FaceFour,dd_sakoe_chiba_0.6,Random_30,0.94664,0.301
FaceFour,dd_sakoe_chiba_0.8,Random_30,0.92885,0.301
FaceFour,dd_dtw_0.6,LassoSVC,0.95534,0.982
FaceFour,dd_dtw_0.8,LassoSVC,0.93715,0.989
FaceFour,dd_fdtw_0.6,LassoSVC,0.96443,0.973
FaceFour,dd_fdtw_0.8,LassoSVC,0.97352,0.989
FaceFour,dd_itakura_0.6,LassoSVC,0.95534,0.984
FaceFour,dd_itakura_0.8,LassoSVC,0.93715,0.989
FaceFour,dd_sakoe_chiba_0.6,LassoSVC,0.95573,0.978
FaceFour,dd_sakoe_chiba_0.8,LassoSVC,0.94664,0.993
FaceFour,dd_dtw_0.6,Tree,0.88419,0.442
FaceFour,dd_dtw_0.8,Tree,0.91937,0.417
FaceFour,dd_fdtw_0.6,Tree,0.93755,0.449
FaceFour,dd_fdtw_0.8,Tree,0.97352,0.437
FaceFour,dd_itakura_0.6,Tree,0.92806,0.444
FaceFour,dd_itakura_0.8,Tree,0.91028,0.433
FaceFour,dd_sakoe_chiba_0.6,Tree,0.96482,0.451
FaceFour,dd_sakoe_chiba_0.8,Tree,0.92964,0.44
Car,dd_dtw_0.6,Random_10,0.63333,0.104
Car,dd_dtw_0.8,Random_10,0.60833,0.104
Car,dd_fdtw_0.6,Random_10,0.63333,0.104
Car,dd_fdtw_0.8,Random_10,0.74167,0.104
Car,dd_itakura_0.6,Random_10,0.64167,0.104
Car,dd_itakura_0.8,Random_10,0.61667,0.104
Car,dd_sakoe_chiba_0.6,Random_10,0.675,0.104
Car,dd_sakoe_chiba_0.8,Random_10,0.64167,0.104
Car,dd_dtw_0.6,Random_50,0.75833,0.5
Car,dd_dtw_0.8,Random_50,0.74167,0.5
Car,dd_fdtw_0.6,Random_50,0.74167,0.5
Car,dd_fdtw_0.8,Random_50,0.85833,0.5
Car,dd_itakura_0.6,Random_50,0.75,0.5
Car,dd_itakura_0.8,Random_50,0.73333,0.5
Car,dd_sakoe_chiba_0.6,Random_50,0.75,0.5
Car,dd_sakoe_chiba_0.8,Random_50,0.75833,0.5
Car,dd_dtw_0.6,Random_30,0.75,0.302
Car,dd_dtw_0.8,Random_30,0.69167,0.302
Car,dd_fdtw_0.6,Random_30,0.76667,0.302
Car,dd_fdtw_0.8,Random_30,0.84167,0.302
Car,dd_itakura_0.6,Random_30,0.75,0.302
Car,dd_itakura_0.8,Random_30,0.70833,0.302
Car,dd_sakoe_chiba_0.6,Random_30,0.76667,0.302
Car,dd_sakoe_chiba_0.8,Random_30,0.74167,0.302
Car,dd_dtw_0.6,LassoSVC,0.75,0.644
Car,dd_dtw_0.8,LassoSVC,0.75833,0.59
Car,dd_fdtw_0.6,LassoSVC,0.79167,0.99
Car,dd_fdtw_0.8,LassoSVC,0.88333,0.979
Car,dd_itakura_0.6,LassoSVC,0.75,0.633
Car,dd_itakura_0.8,LassoSVC,0.76667,0.592
Car,dd_sakoe_chiba_0.6,LassoSVC,0.74167,0.646
Car,dd_sakoe_chiba_0.8,LassoSVC,0.76667,0.585
Car,dd_dtw_0.6,Tree,0.69167,0.45
Car,dd_dtw_0.8,Tree,0.70833,0.452
Car,dd_fdtw_0.6,Tree,0.725,0.417
Car,dd_fdtw_0.8,Tree,0.81667,0.444
Car,dd_itakura_0.6,Tree,0.7,0.448
Car,dd_itakura_0.8,Tree,0.7,0.454
Car,dd_sakoe_chiba_0.6,Tree,0.73333,0.444
Car,dd_sakoe_chiba_0.8,Tree,0.75833,0.452
Meat,dd_dtw_0.6,Random_10,0.825,0.104
Meat,dd_dtw_0.8,Random_10,0.76667,0.104
Meat,dd_fdtw_0.6,Random_10,0.95,0.104
Meat,dd_fdtw_0.8,Random_10,0.94167,0.104
Meat,dd_itakura_0.6,Random_10,0.825,0.104
Meat,dd_itakura_0.8,Random_10,0.76667,0.104
Meat,dd_sakoe_chiba_0.6,Random_10,0.825,0.104
Meat,dd_sakoe_chiba_0.8,Random_10,0.76667,0.104
Meat,dd_dtw_0.6,Random_50,0.95833,0.5
Meat,dd_dtw_0.8,Random_50,0.88333,0.5
Meat,dd_fdtw_0.6,Random_50,0.975,0.5
Meat,dd_fdtw_0.8,Random_50,0.975,0.5
Meat,dd_itakura_0.6,Random_50,0.95,0.5
Meat,dd_itakura_0.8,Random_50,0.88333,0.5
Meat,dd_sakoe_chiba_0.6,Random_50,0.95833,0.5
Meat,dd_sakoe_chiba_0.8,Random_50,0.88333,0.5
Meat,dd_dtw_0.6,Random_30,0.91667,0.302
Meat,dd_dtw_0.8,Random_30,0.85,0.302
Meat,dd_fdtw_0.6,Random_30,0.96667,0.302
Meat,dd_fdtw_0.8,Random_30,0.95833,0.302
Meat,dd_itakura_0.6,Random_30,0.91667,0.302
Meat,dd_itakura_0.8,Random_30,0.85,0.302
Meat,dd_sakoe_chiba_0.6,Random_30,0.91667,0.302
Meat,dd_sakoe_chiba_0.8,Random_30,0.85,0.302
Meat,dd_dtw_0.6,LassoSVC,0.95,0.146
Meat,dd_dtw_0.8,LassoSVC,0.83333,0.169
Meat,dd_fdtw_0.6,LassoSVC,0.98333,0.602
Meat,dd_fdtw_0.8,LassoSVC,0.975,0.679
Meat,dd_itakura_0.6,LassoSVC,0.95,0.146
Meat,dd_itakura_0.8,LassoSVC,0.84167,0.169
Meat,dd_sakoe_chiba_0.6,LassoSVC,0.95,0.142
Meat,dd_sakoe_chiba_0.8,LassoSVC,0.83333,0.169
Meat,dd_dtw_0.6,Tree,0.95833,0.415
Meat,dd_dtw_0.8,Tree,0.9,0.444
Meat,dd_fdtw_0.6,Tree,0.975,0.435
Meat,dd_fdtw_0.8,Tree,0.98333,0.463
Meat,dd_itakura_0.6,Tree,0.94167,0.429
Meat,dd_itakura_0.8,Tree,0.89167,0.433
Meat,dd_sakoe_chiba_0.6,Tree,0.95833,0.415
Meat,dd_sakoe_chiba_0.8,Tree,0.9,0.438
Lightning2,dd_dtw_0.6,Random_10,0.62033,0.103
Lightning2,dd_dtw_0.8,Random_10,0.54633,0.103
Lightning2,dd_fdtw_0.6,Random_10,0.56133,0.103
Lightning2,dd_fdtw_0.8,Random_10,0.545,0.103
Lightning2,dd_itakura_0.6,Random_10,0.58667,0.103
Lightning2,dd_itakura_0.8,Random_10,0.603,0.103
Lightning2,dd_sakoe_chiba_0.6,Random_10,0.553,0.103
Lightning2,dd_sakoe_chiba_0.8,Random_10,0.59433,0.103
Lightning2,dd_dtw_0.6,Random_50,0.61233,0.504
Lightning2,dd_dtw_0.8,Random_50,0.58733,0.504
Lightning2,dd_fdtw_0.6,Random_50,0.62,0.504
Lightning2,dd_fdtw_0.8,Random_50,0.66233,0.504
Lightning2,dd_itakura_0.6,Random_50,0.67,0.504
Lightning2,dd_itakura_0.8,Random_50,0.66167,0.504
Lightning2,dd_sakoe_chiba_0.6,Random_50,0.761,0.504
Lightning2,dd_sakoe_chiba_0.8,Random_50,0.73633,0.504
Lightning2,dd_dtw_0.6,Random_30,0.654,0.308
Lightning2,dd_dtw_0.8,Random_30,0.645,0.308
Lightning2,dd_fdtw_0.6,Random_30,0.65333,0.308
Lightning2,dd_fdtw_0.8,Random_30,0.654,0.308
Lightning2,dd_itakura_0.6,Random_30,0.60333,0.308
Lightning2,dd_itakura_0.8,Random_30,0.64533,0.308
Lightning2,dd_sakoe_chiba_0.6,Random_30,0.55467,0.308
Lightning2,dd_sakoe_chiba_0.8,Random_30,0.59333,0.308
Lightning2,dd_dtw_0.6,LassoSVC,0.75367,0.899
Lightning2,dd_dtw_0.8,LassoSVC,0.73633,0.944
Lightning2,dd_fdtw_0.6,LassoSVC,0.686,0.981
Lightning2,dd_fdtw_0.8,LassoSVC,0.71933,0.988
Lightning2,dd_itakura_0.6,LassoSVC,0.77,0.889
Lightning2,dd_itakura_0.8,LassoSVC,0.728,0.944
Lightning2,dd_sakoe_chiba_0.6,LassoSVC,0.72767,0.917
Lightning2,dd_sakoe_chiba_0.8,LassoSVC,0.73567,0.94
Lightning2,dd_dtw_0.6,Tree,0.72867,0.459
Lightning2,dd_dtw_0.8,Tree,0.67767,0.461
Lightning2,dd_fdtw_0.6,Tree,0.678,0.372
Lightning2,dd_fdtw_0.8,Tree,0.62133,0.378
Lightning2,dd_itakura_0.6,Tree,0.67767,0.44
Lightning2,dd_itakura_0.8,Tree,0.71167,0.452
Lightning2,dd_sakoe_chiba_0.6,Tree,0.72733,0.455
Lightning2,dd_sakoe_chiba_0.8,Tree,0.712,0.469
Herring,dd_dtw_0.6,Random_10,0.608,0.107
Herring,dd_dtw_0.8,Random_10,0.59292,0.107
Herring,dd_fdtw_0.6,Random_10,0.63292,0.107
Herring,dd_fdtw_0.8,Random_10,0.56092,0.107
Herring,dd_itakura_0.6,Random_10,0.608,0.107
Herring,dd_itakura_0.8,Random_10,0.59292,0.107
Herring,dd_sakoe_chiba_0.6,Random_10,0.58492,0.107
Herring,dd_sakoe_chiba_0.8,Random_10,0.57754,0.107
Herring,dd_dtw_0.6,Random_50,0.60862,0.502
Herring,dd_dtw_0.8,Random_50,0.60092,0.502
Herring,dd_fdtw_0.6,Random_50,0.608,0.502
Herring,dd_fdtw_0.8,Random_50,0.63169,0.502
Herring,dd_itakura_0.6,Random_50,0.60862,0.502
Herring,dd_itakura_0.8,Random_50,0.60092,0.502
Herring,dd_sakoe_chiba_0.6,Random_50,0.60062,0.502
Herring,dd_sakoe_chiba_0.8,Random_50,0.60092,0.502
Herring,dd_dtw_0.6,Random_30,0.60092,0.303
Herring,dd_dtw_0.8,Random_30,0.60862,0.303
Herring,dd_fdtw_0.6,Random_30,0.58615,0.303
Herring,dd_fdtw_0.8,Random_30,0.60892,0.303
Herring,dd_itakura_0.6,Random_30,0.60092,0.303
Herring,dd_itakura_0.8,Random_30,0.60862,0.303
Herring,dd_sakoe_chiba_0.6,Random_30,0.60892,0.303
Herring,dd_sakoe_chiba_0.8,Random_30,0.61662,0.303
Herring,dd_dtw_0.6,LassoSVC,0.61662,0.242
Herring,dd_dtw_0.8,LassoSVC,0.60862,0.137
Herring,dd_fdtw_0.6,LassoSVC,0.67108,0.908
Herring,dd_fdtw_0.8,LassoSVC,0.70215,0.891
Herring,dd_itakura_0.6,LassoSVC,0.62431,0.238
Herring,dd_itakura_0.8,LassoSVC,0.61631,0.137
Herring,dd_sakoe_chiba_0.6,LassoSVC,0.61692,0.205
Herring,dd_sakoe_chiba_0.8,LassoSVC,0.62431,0.143
Herring,dd_dtw_0.6,Tree,0.60954,0.424
Herring,dd_dtw_0.8,Tree,0.60862,0.404
Herring,dd_fdtw_0.6,Tree,0.59262,0.412
Herring,dd_fdtw_0.8,Tree,0.59262,0.42
Herring,dd_itakura_0.6,Tree,0.58492,0.43
Herring,dd_itakura_0.8,Tree,0.62431,0.416
Herring,dd_sakoe_chiba_0.6,Tree,0.64031,0.43
Herring,dd_sakoe_chiba_0.8,Tree,0.62431,0.428
Lightning7,dd_dtw_0.6,Random_10,0.54507,0.105
Lightning7,dd_dtw_0.8,Random_10,0.49631,0.105
Lightning7,dd_fdtw_0.6,Random_10,0.66527,0.105
Lightning7,dd_fdtw_0.8,Random_10,0.51847,0.105
Lightning7,dd_itakura_0.6,Random_10,0.58079,0.105
Lightning7,dd_itakura_0.8,Random_10,0.54483,0.105
Lightning7,dd_sakoe_chiba_0.6,Random_10,0.54557,0.105
Lightning7,dd_sakoe_chiba_0.8,Random_10,0.56626,0.105
Lightning7,dd_dtw_0.6,Random_50,0.74138,0.502
Lightning7,dd_dtw_0.8,Random_50,0.63695,0.502
Lightning7,dd_fdtw_0.6,Random_50,0.81034,0.502
Lightning7,dd_fdtw_0.8,Random_50,0.72685,0.502
Lightning7,dd_itakura_0.6,Random_50,0.78966,0.502
Lightning7,dd_itakura_0.8,Random_50,0.70567,0.502
Lightning7,dd_sakoe_chiba_0.6,Random_50,0.71355,0.502
Lightning7,dd_sakoe_chiba_0.8,Random_50,0.7064,0.502
Lightning7,dd_dtw_0.6,Random_30,0.7266,0.306
Lightning7,dd_dtw_0.8,Random_30,0.64975,0.306
Lightning7,dd_fdtw_0.6,Random_30,0.78276,0.306
Lightning7,dd_fdtw_0.8,Random_30,0.69901,0.306
Lightning7,dd_itakura_0.6,Random_30,0.76232,0.306
Lightning7,dd_itakura_0.8,Random_30,0.67709,0.306
Lightning7,dd_sakoe_chiba_0.6,Random_30,0.71379,0.306
Lightning7,dd_sakoe_chiba_0.8,Random_30,0.65739,0.306
Lightning7,dd_dtw_0.6,LassoSVC,0.78916,0.998
Lightning7,dd_dtw_0.8,LassoSVC,0.7399,1
Lightning7,dd_fdtw_0.6,LassoSVC,0.8101,1
Lightning7,dd_fdtw_0.8,LassoSVC,0.8032,1
Lightning7,dd_itakura_0.6,LassoSVC,0.81749,0.991
Lightning7,dd_itakura_0.8,LassoSVC,0.76108,1
Lightning7,dd_sakoe_chiba_0.6,LassoSVC,0.78966,0.993
Lightning7,dd_sakoe_chiba_0.8,LassoSVC,0.74064,0.993
Lightning7,dd_dtw_0.6,Tree,0.73325,0.425
Lightning7,dd_dtw_0.8,Tree,0.733,0.447
Lightning7,dd_fdtw_0.6,Tree,0.77488,0.462
Lightning7,dd_fdtw_0.8,Tree,0.68473,0.43
Lightning7,dd_itakura_0.6,Tree,0.76059,0.413
Lightning7,dd_itakura_0.8,Tree,0.733,0.439
Lightning7,dd_sakoe_chiba_0.6,Tree,0.71232,0.446
Lightning7,dd_sakoe_chiba_0.8,Tree,0.69138,0.437
ToeSegmentation2,dd_dtw_0.6,Random_10,0.83102,0.105
ToeSegmentation2,dd_dtw_0.8,Random_10,0.81283,0.105
ToeSegmentation2,dd_fdtw_0.6,Random_10,0.75312,0.105
ToeSegmentation2,dd_fdtw_0.8,Random_10,0.80713,0.105
ToeSegmentation2,dd_itakura_0.6,Random_10,0.81889,0.105
ToeSegmentation2,dd_itakura_0.8,Random_10,0.79483,0.105
ToeSegmentation2,dd_sakoe_chiba_0.6,Random_10,0.74135,0.105
ToeSegmentation2,dd_sakoe_chiba_0.8,Random_10,0.74635,0.105
ToeSegmentation2,dd_dtw_0.6,Random_50,0.86132,0.503
ToeSegmentation2,dd_dtw_0.8,Random_50,0.87308,0.503
ToeSegmentation2,dd_fdtw_0.6,Random_50,0.86756,0.503
ToeSegmentation2,dd_fdtw_0.8,Random_50,0.90945,0.503
ToeSegmentation2,dd_itakura_0.6,Random_50,0.87932,0.503
ToeSegmentation2,dd_itakura_0.8,Random_50,0.8852,0.503
ToeSegmentation2,dd_sakoe_chiba_0.6,Random_50,0.81925,0.503
ToeSegmentation2,dd_sakoe_chiba_0.8,Random_50,0.81943,0.503
ToeSegmentation2,dd_dtw_0.6,Random_30,0.86114,0.301
ToeSegmentation2,dd_dtw_0.8,Random_30,0.88538,0.301
ToeSegmentation2,dd_fdtw_0.6,Random_30,0.83191,0.301
ToeSegmentation2,dd_fdtw_0.8,Random_30,0.87398,0.301
ToeSegmentation2,dd_itakura_0.6,Random_30,0.83102,0.301
ToeSegmentation2,dd_itakura_0.8,Random_30,0.85526,0.301
ToeSegmentation2,dd_sakoe_chiba_0.6,Random_30,0.80107,0.301
ToeSegmentation2,dd_sakoe_chiba_0.8,Random_30,0.80713,0.301
ToeSegmentation2,dd_dtw_0.6,LassoSVC,0.87344,0.527
ToeSegmentation2,dd_dtw_0.8,LassoSVC,0.8852,0.542
ToeSegmentation2,dd_fdtw_0.6,LassoSVC,0.88538,0.751
ToeSegmentation2,dd_fdtw_0.8,LassoSVC,0.90321,0.678
ToeSegmentation2,dd_itakura_0.6,LassoSVC,0.86738,0.535
ToeSegmentation2,dd_itakura_0.8,LassoSVC,0.8852,0.545
ToeSegmentation2,dd_sakoe_chiba_0.6,LassoSVC,0.84349,0.605
ToeSegmentation2,dd_sakoe_chiba_0.8,LassoSVC,0.86132,0.557
ToeSegmentation2,dd_dtw_0.6,Tree,0.85508,0.395
ToeSegmentation2,dd_dtw_0.8,Tree,0.88556,0.434
ToeSegmentation2,dd_fdtw_0.6,Tree,0.89162,0.384
ToeSegmentation2,dd_fdtw_0.8,Tree,0.90339,0.384
ToeSegmentation2,dd_itakura_0.6,Tree,0.8852,0.408
ToeSegmentation2,dd_itakura_0.8,Tree,0.87914,0.426
ToeSegmentation2,dd_sakoe_chiba_0.6,Tree,0.80677,0.456
ToeSegmentation2,dd_sakoe_chiba_0.8,Tree,0.84938,0.449
UMD,dd_dtw_0.6,Random_10,0.93889,0.104
UMD,dd_dtw_0.8,Random_10,0.87222,0.104
UMD,dd_fdtw_0.6,Random_10,0.89444,0.104
UMD,dd_fdtw_0.8,Random_10,0.91667,0.104
UMD,dd_itakura_0.6,Random_10,0.94444,0.104
UMD,dd_itakura_0.8,Random_10,0.87222,0.104
UMD,dd_sakoe_chiba_0.6,Random_10,0.88889,0.104
UMD,dd_sakoe_chiba_0.8,Random_10,0.92778,0.104
UMD,dd_dtw_0.6,Random_50,0.99444,0.5
UMD,dd_dtw_0.8,Random_50,0.99444,0.5
UMD,dd_fdtw_0.6,Random_50,0.96667,0.5
UMD,dd_fdtw_0.8,Random_50,0.97222,0.5
UMD,dd_itakura_0.6,Random_50,0.99444,0.5
UMD,dd_itakura_0.8,Random_50,0.99444,0.5
UMD,dd_sakoe_chiba_0.6,Random_50,0.95556,0.5
UMD,dd_sakoe_chiba_0.8,Random_50,0.99444,0.5
UMD,dd_dtw_0.6,Random_30,0.99444,0.306
UMD,dd_dtw_0.8,Random_30,0.97778,0.306
UMD,dd_fdtw_0.6,Random_30,0.96667,0.306
UMD,dd_fdtw_0.8,Random_30,0.97222,0.306
UMD,dd_itakura_0.6,Random_30,0.99444,0.306
UMD,dd_itakura_0.8,Random_30,0.97778,0.306
UMD,dd_sakoe_chiba_0.6,Random_30,1,0.306
UMD,dd_sakoe_chiba_0.8,Random_30,0.99444,0.306
UMD,dd_dtw_0.6,LassoSVC,0.99444,0.419
UMD,dd_dtw_0.8,LassoSVC,0.99444,0.374
UMD,dd_fdtw_0.6,LassoSVC,0.97222,0.787
UMD,dd_fdtw_0.8,LassoSVC,0.98889,0.703
UMD,dd_itakura_0.6,LassoSVC,0.99444,0.413
UMD,dd_itakura_0.8,LassoSVC,0.99444,0.374
UMD,dd_sakoe_chiba_0.6,LassoSVC,0.92778,0.887
UMD,dd_sakoe_chiba_0.8,LassoSVC,0.98889,0.812
UMD,dd_dtw_0.6,Tree,0.98333,0.403
UMD,dd_dtw_0.8,Tree,0.98333,0.442
UMD,dd_fdtw_0.6,Tree,0.97778,0.413
UMD,dd_fdtw_0.8,Tree,0.96667,0.421
UMD,dd_itakura_0.6,Tree,0.99444,0.41
UMD,dd_itakura_0.8,Tree,0.99444,0.433
UMD,dd_sakoe_chiba_0.6,Tree,0.98889,0.431
UMD,dd_sakoe_chiba_0.8,Tree,1,0.408
BME,dd_dtw_0.6,Random_10,0.94444,0.104
BME,dd_dtw_0.8,Random_10,0.96667,0.104
BME,dd_fdtw_0.6,Random_10,0.98889,0.104
BME,dd_fdtw_0.8,Random_10,0.98889,0.104
BME,dd_itakura_0.6,Random_10,0.95556,0.104
BME,dd_itakura_0.8,Random_10,0.97778,0.104
BME,dd_sakoe_chiba_0.6,Random_10,0.90556,0.104
BME,dd_sakoe_chiba_0.8,Random_10,1,0.104
BME,dd_dtw_0.6,Random_50,0.98889,0.5
BME,dd_dtw_0.8,Random_50,0.99444,0.5
BME,dd_fdtw_0.6,Random_50,1,0.5
BME,dd_fdtw_0.8,Random_50,1,0.5
BME,dd_itakura_0.6,Random_50,0.99444,0.5
BME,dd_itakura_0.8,Random_50,0.99444,0.5
BME,dd_sakoe_chiba_0.6,Random_50,0.86111,0.5
BME,dd_sakoe_chiba_0.8,Random_50,0.93889,0.5
BME,dd_dtw_0.6,Random_30,0.98889,0.306
BME,dd_dtw_0.8,Random_30,0.98889,0.306
BME,dd_fdtw_0.6,Random_30,1,0.306
BME,dd_fdtw_0.8,Random_30,1,0.306
BME,dd_itakura_0.6,Random_30,0.98889,0.306
BME,dd_itakura_0.8,Random_30,0.99444,0.306
BME,dd_sakoe_chiba_0.6,Random_30,0.84444,0.306
BME,dd_sakoe_chiba_0.8,Random_30,0.92778,0.306
BME,dd_dtw_0.6,LassoSVC,0.98889,0.415
BME,dd_dtw_0.8,LassoSVC,0.97222,0.325
BME,dd_fdtw_0.6,LassoSVC,1,0.735
BME,dd_fdtw_0.8,LassoSVC,1,0.629
BME,dd_itakura_0.6,LassoSVC,0.99444,0.386
BME,dd_itakura_0.8,LassoSVC,0.99444,0.319
BME,dd_sakoe_chiba_0.6,LassoSVC,1,0.629
BME,dd_sakoe_chiba_0.8,LassoSVC,0.95556,0.539
BME,dd_dtw_0.6,Tree,0.98889,0.453
BME,dd_dtw_0.8,Tree,0.99444,0.407
BME,dd_fdtw_0.6,Tree,0.99444,0.368
BME,dd_fdtw_0.8,Tree,0.99444,0.432
BME,dd_itakura_0.6,Tree,0.98889,0.436
BME,dd_itakura_0.8,Tree,0.99444,0.404
BME,dd_sakoe_chiba_0.6,Tree,1,0.414
BME,dd_sakoe_chiba_0.8,Tree,1,0.419
Trace,dd_dtw_0.6,Random_10,0.995,0.1
Trace,dd_dtw_0.8,Random_10,0.86,0.1
Trace,dd_fdtw_0.6,Random_10,1,0.1
Trace,dd_fdtw_0.8,Random_10,1,0.1
Trace,dd_itakura_0.6,Random_10,0.995,0.1
Trace,dd_itakura_0.8,Random_10,0.875,0.1
Trace,dd_sakoe_chiba_0.6,Random_10,0.96,0.1
Trace,dd_sakoe_chiba_0.8,Random_10,0.965,0.1
Trace,dd_dtw_0.6,Random_50,0.92,0.5
Trace,dd_dtw_0.8,Random_50,0.95,0.5
Trace,dd_fdtw_0.6,Random_50,1,0.5
Trace,dd_fdtw_0.8,Random_50,1,0.5
Trace,dd_itakura_0.6,Random_50,1,0.5
Trace,dd_itakura_0.8,Random_50,0.95,0.5
Trace,dd_sakoe_chiba_0.6,Random_50,0.97,0.5
Trace,dd_sakoe_chiba_0.8,Random_50,0.995,0.5
Trace,dd_dtw_0.6,Random_30,0.93,0.3
Trace,dd_dtw_0.8,Random_30,1,0.3
Trace,dd_fdtw_0.6,Random_30,1,0.3
Trace,dd_fdtw_0.8,Random_30,1,0.3
Trace,dd_itakura_0.6,Random_30,0.93,0.3
Trace,dd_itakura_0.8,Random_30,0.995,0.3
Trace,dd_sakoe_chiba_0.6,Random_30,1,0.3
Trace,dd_sakoe_chiba_0.8,Random_30,0.965,0.3
Trace,dd_dtw_0.6,LassoSVC,1,0.719
Trace,dd_dtw_0.8,LassoSVC,0.95,0.679
Trace,dd_fdtw_0.6,LassoSVC,1,0.956
Trace,dd_fdtw_0.8,LassoSVC,1,0.958
Trace,dd_itakura_0.6,LassoSVC,1,0.735
Trace,dd_itakura_0.8,LassoSVC,0.92,0.698
Trace,dd_sakoe_chiba_0.6,LassoSVC,1,0.75
Trace,dd_sakoe_chiba_0.8,LassoSVC,1,0.726
Trace,dd_dtw_0.6,Tree,0.93,0.466
Trace,dd_dtw_0.8,Tree,1,0.474
Trace,dd_fdtw_0.6,Tree,0.975,0.382
Trace,dd_fdtw_0.8,Tree,0.965,0.406
Trace,dd_itakura_0.6,Tree,0.93,0.458
Trace,dd_itakura_0.8,Tree,1,0.455
Trace,dd_sakoe_chiba_0.6,Tree,0.985,0.445
Trace,dd_sakoe_chiba_0.8,Tree,1,0.41
ShapeletSim,dd_dtw_0.6,Random_10,0.565,0.1
ShapeletSim,dd_dtw_0.8,Random_10,0.625,0.1
ShapeletSim,dd_fdtw_0.6,Random_10,0.54,0.1
ShapeletSim,dd_fdtw_0.8,Random_10,0.525,0.1
ShapeletSim,dd_itakura_0.6,Random_10,0.545,0.1
ShapeletSim,dd_itakura_0.8,Random_10,0.535,0.1
ShapeletSim,dd_sakoe_chiba_0.6,Random_10,0.57,0.1
ShapeletSim,dd_sakoe_chiba_0.8,Random_10,0.585,0.1
ShapeletSim,dd_dtw_0.6,Random_50,0.605,0.5
ShapeletSim,dd_dtw_0.8,Random_50,0.68,0.5
ShapeletSim,dd_fdtw_0.6,Random_50,0.655,0.5
ShapeletSim,dd_fdtw_0.8,Random_50,0.59,0.5
ShapeletSim,dd_itakura_0.6,Random_50,0.745,0.5
ShapeletSim,dd_itakura_0.8,Random_50,0.73,0.5
ShapeletSim,dd_sakoe_chiba_0.6,Random_50,0.71,0.5
ShapeletSim,dd_sakoe_chiba_0.8,Random_50,0.59,0.5
ShapeletSim,dd_dtw_0.6,Random_30,0.615,0.3
ShapeletSim,dd_dtw_0.8,Random_30,0.665,0.3
ShapeletSim,dd_fdtw_0.6,Random_30,0.675,0.3
ShapeletSim,dd_fdtw_0.8,Random_30,0.63,0.3
ShapeletSim,dd_itakura_0.6,Random_30,0.59,0.3
ShapeletSim,dd_itakura_0.8,Random_30,0.67,0.3
ShapeletSim,dd_sakoe_chiba_0.6,Random_30,0.62,0.3
ShapeletSim,dd_sakoe_chiba_0.8,Random_30,0.56,0.3
ShapeletSim,dd_dtw_0.6,LassoSVC,0.86,1
ShapeletSim,dd_dtw_0.8,LassoSVC,0.85,1
ShapeletSim,dd_fdtw_0.6,LassoSVC,0.765,0.999
ShapeletSim,dd_fdtw_0.8,LassoSVC,0.725,0.999
ShapeletSim,dd_itakura_0.6,LassoSVC,0.89,1
ShapeletSim,dd_itakura_0.8,LassoSVC,0.865,1
ShapeletSim,dd_sakoe_chiba_0.6,LassoSVC,0.845,0.998
ShapeletSim,dd_sakoe_chiba_0.8,LassoSVC,0.795,1
ShapeletSim,dd_dtw_0.6,Tree,0.525,0.375
ShapeletSim,dd_dtw_0.8,Tree,0.59,0.381
ShapeletSim,dd_fdtw_0.6,Tree,0.665,0.422
ShapeletSim,dd_fdtw_0.8,Tree,0.645,0.408
ShapeletSim,dd_itakura_0.6,Tree,0.615,0.363
ShapeletSim,dd_itakura_0.8,Tree,0.625,0.385
ShapeletSim,dd_sakoe_chiba_0.6,Tree,0.66,0.36
ShapeletSim,dd_sakoe_chiba_0.8,Tree,0.615,0.367
ECG200,dd_dtw_0.6,Random_10,0.825,0.1
ECG200,dd_dtw_0.8,Random_10,0.795,0.1
ECG200,dd_fdtw_0.6,Random_10,0.665,0.1
ECG200,dd_fdtw_0.8,Random_10,0.75,0.1
ECG200,dd_itakura_0.6,Random_10,0.82,0.1
ECG200,dd_itakura_0.8,Random_10,0.8,0.1
ECG200,dd_sakoe_chiba_0.6,Random_10,0.82,0.1
ECG200,dd_sakoe_chiba_0.8,Random_10,0.805,0.1
ECG200,dd_dtw_0.6,Random_50,0.845,0.5
ECG200,dd_dtw_0.8,Random_50,0.845,0.5
ECG200,dd_fdtw_0.6,Random_50,0.845,0.5
ECG200,dd_fdtw_0.8,Random_50,0.86,0.5
ECG200,dd_itakura_0.6,Random_50,0.82,0.5
ECG200,dd_itakura_0.8,Random_50,0.83,0.5
ECG200,dd_sakoe_chiba_0.6,Random_50,0.875,0.5
ECG200,dd_sakoe_chiba_0.8,Random_50,0.85,0.5
ECG200,dd_dtw_0.6,Random_30,0.865,0.3
ECG200,dd_dtw_0.8,Random_30,0.845,0.3
ECG200,dd_fdtw_0.6,Random_30,0.85,0.3
ECG200,dd_fdtw_0.8,Random_30,0.83,0.3
ECG200,dd_itakura_0.6,Random_30,0.815,0.3
ECG200,dd_itakura_0.8,Random_30,0.81,0.3
ECG200,dd_sakoe_chiba_0.6,Random_30,0.885,0.3
ECG200,dd_sakoe_chiba_0.8,Random_30,0.87,0.3
ECG200,dd_dtw_0.6,LassoSVC,0.89,0.494
ECG200,dd_dtw_0.8,LassoSVC,0.865,0.498
ECG200,dd_fdtw_0.6,LassoSVC,0.885,0.809
ECG200,dd_fdtw_0.8,LassoSVC,0.885,0.79
ECG200,dd_itakura_0.6,LassoSVC,0.865,0.576
ECG200,dd_itakura_0.8,LassoSVC,0.85,0.591
ECG200,dd_sakoe_chiba_0.6,LassoSVC,0.88,0.449
ECG200,dd_sakoe_chiba_0.8,LassoSVC,0.895,0.443
ECG200,dd_dtw_0.6,Tree,0.85,0.415
ECG200,dd_dtw_0.8,Tree,0.845,0.434
ECG200,dd_fdtw_0.6,Tree,0.865,0.421
ECG200,dd_fdtw_0.8,Tree,0.845,0.406
ECG200,dd_itakura_0.6,Tree,0.8,0.422
ECG200,dd_itakura_0.8,Tree,0.81,0.426
ECG200,dd_sakoe_chiba_0.6,Tree,0.865,0.4
ECG200,dd_sakoe_chiba_0.8,Tree,0.835,0.412
GunPoint,dd_dtw_0.6,Random_10,0.9,0.1
GunPoint,dd_dtw_0.8,Random_10,0.91,0.1
GunPoint,dd_fdtw_0.6,Random_10,0.915,0.1
GunPoint,dd_fdtw_0.8,Random_10,0.97,0.1
GunPoint,dd_itakura_0.6,Random_10,0.89,0.1
GunPoint,dd_itakura_0.8,Random_10,0.91,0.1
GunPoint,dd_sakoe_chiba_0.6,Random_10,0.935,0.1
GunPoint,dd_sakoe_chiba_0.8,Random_10,0.925,0.1
GunPoint,dd_dtw_0.6,Random_50,0.94,0.5
GunPoint,dd_dtw_0.8,Random_50,0.97,0.5
GunPoint,dd_fdtw_0.6,Random_50,0.955,0.5
GunPoint,dd_fdtw_0.8,Random_50,0.985,0.5
GunPoint,dd_itakura_0.6,Random_50,0.95,0.5
GunPoint,dd_itakura_0.8,Random_50,0.975,0.5
GunPoint,dd_sakoe_chiba_0.6,Random_50,0.975,0.5
GunPoint,dd_sakoe_chiba_0.8,Random_50,0.98,0.5
GunPoint,dd_dtw_0.6,Random_30,0.945,0.3
GunPoint,dd_dtw_0.8,Random_30,0.955,0.3
GunPoint,dd_fdtw_0.6,Random_30,0.955,0.3
GunPoint,dd_fdtw_0.8,Random_30,0.975,0.3
GunPoint,dd_itakura_0.6,Random_30,0.935,0.3
GunPoint,dd_itakura_0.8,Random_30,0.955,0.3
GunPoint,dd_sakoe_chiba_0.6,Random_30,0.975,0.3
GunPoint,dd_sakoe_chiba_0.8,Random_30,0.97,0.3
GunPoint,dd_dtw_0.6,LassoSVC,0.97,0.412
GunPoint,dd_dtw_0.8,LassoSVC,0.985,0.294
GunPoint,dd_fdtw_0.6,LassoSVC,0.985,0.571
GunPoint,dd_fdtw_0.8,LassoSVC,0.99,0.461
GunPoint,dd_itakura_0.6,LassoSVC,0.965,0.405
GunPoint,dd_itakura_0.8,LassoSVC,0.975,0.28
GunPoint,dd_sakoe_chiba_0.6,LassoSVC,0.99,0.256
GunPoint,dd_sakoe_chiba_0.8,LassoSVC,0.985,0.207
GunPoint,dd_dtw_0.6,Tree,0.955,0.424
GunPoint,dd_dtw_0.8,Tree,0.97,0.434
GunPoint,dd_fdtw_0.6,Tree,0.97,0.408
GunPoint,dd_fdtw_0.8,Tree,0.995,0.403
GunPoint,dd_itakura_0.6,Tree,0.965,0.425
GunPoint,dd_itakura_0.8,Tree,0.965,0.43
GunPoint,dd_sakoe_chiba_0.6,Tree,0.985,0.4
GunPoint,dd_sakoe_chiba_0.8,Tree,0.98,0.372
Fungi,dd_dtw_0.6,Random_10,0.79305,0.104
Fungi,dd_dtw_0.8,Random_10,0.81329,0.104
Fungi,dd_fdtw_0.6,Random_10,0.91707,0.104
Fungi,dd_fdtw_0.8,Random_10,0.94146,0.104
Fungi,dd_itakura_0.6,Random_10,0.82817,0.104
Fungi,dd_itakura_0.8,Random_10,0.88707,0.104
Fungi,dd_sakoe_chiba_0.6,Random_10,0.58805,0.104
Fungi,dd_sakoe_chiba_0.8,Random_10,0.70512,0.104
Fungi,dd_dtw_0.6,Random_50,0.94134,0.502
Fungi,dd_dtw_0.8,Random_50,0.96061,0.502
Fungi,dd_fdtw_0.6,Random_50,0.97561,0.502
Fungi,dd_fdtw_0.8,Random_50,0.98049,0.502
Fungi,dd_itakura_0.6,Random_50,0.98537,0.502
Fungi,dd_itakura_0.8,Random_50,0.94634,0.502
Fungi,dd_sakoe_chiba_0.6,Random_50,0.63756,0.502
Fungi,dd_sakoe_chiba_0.8,Random_50,0.75524,0.502
Fungi,dd_dtw_0.6,Random_30,0.89695,0.301
Fungi,dd_dtw_0.8,Random_30,0.92622,0.301
Fungi,dd_fdtw_0.6,Random_30,0.97073,0.301
Fungi,dd_fdtw_0.8,Random_30,0.98049,0.301
Fungi,dd_itakura_0.6,Random_30,0.90671,0.301
Fungi,dd_itakura_0.8,Random_30,0.92659,0.301
Fungi,dd_sakoe_chiba_0.6,Random_30,0.73073,0.301
Fungi,dd_sakoe_chiba_0.8,Random_30,0.78988,0.301
Fungi,dd_dtw_0.6,LassoSVC,0.96585,0.966
Fungi,dd_dtw_0.8,LassoSVC,0.97561,0.971
Fungi,dd_fdtw_0.6,LassoSVC,0.98049,0.999
Fungi,dd_fdtw_0.8,LassoSVC,0.99024,0.993
Fungi,dd_itakura_0.6,LassoSVC,0.97049,0.964
Fungi,dd_itakura_0.8,LassoSVC,0.98537,0.975
Fungi,dd_sakoe_chiba_0.6,LassoSVC,0.55939,0.929
Fungi,dd_sakoe_chiba_0.8,LassoSVC,0.82354,0.927
Fungi,dd_dtw_0.6,Tree,0.92159,0.469
Fungi,dd_dtw_0.8,Tree,0.9461,0.447
Fungi,dd_fdtw_0.6,Tree,0.98049,0.447
Fungi,dd_fdtw_0.8,Tree,0.97061,0.462
Fungi,dd_itakura_0.6,Tree,0.94598,0.462
Fungi,dd_itakura_0.8,Tree,0.9411,0.45
Fungi,dd_sakoe_chiba_0.6,Tree,0.68134,0.437
Fungi,dd_sakoe_chiba_0.8,Tree,0.75,0.457
Plane,dd_dtw_0.6,Random_10,1,0.101
Plane,dd_dtw_0.8,Random_10,1,0.101
Plane,dd_fdtw_0.6,Random_10,0.99524,0.101
Plane,dd_fdtw_0.8,Random_10,0.98095,0.101
Plane,dd_itakura_0.6,Random_10,1,0.101
Plane,dd_itakura_0.8,Random_10,1,0.101
Plane,dd_sakoe_chiba_0.6,Random_10,1,0.101
Plane,dd_sakoe_chiba_0.8,Random_10,1,0.101
Plane,dd_dtw_0.6,Random_50,1,0.5
Plane,dd_dtw_0.8,Random_50,1,0.5
Plane,dd_fdtw_0.6,Random_50,1,0.5
Plane,dd_fdtw_0.8,Random_50,1,0.5
Plane,dd_itakura_0.6,Random_50,1,0.5
Plane,dd_itakura_0.8,Random_50,1,0.5
Plane,dd_sakoe_chiba_0.6,Random_50,1,0.5
Plane,dd_sakoe_chiba_0.8,Random_50,1,0.5
Plane,dd_dtw_0.6,Random_30,1,0.304
Plane,dd_dtw_0.8,Random_30,1,0.304
Plane,dd_fdtw_0.6,Random_30,1,0.304
Plane,dd_fdtw_0.8,Random_30,1,0.304
Plane,dd_itakura_0.6,Random_30,1,0.304
Plane,dd_itakura_0.8,Random_30,1,0.304
Plane,dd_sakoe_chiba_0.6,Random_30,1,0.304
Plane,dd_sakoe_chiba_0.8,Random_30,1,0.304
Plane,dd_dtw_0.6,LassoSVC,1,0.514
Plane,dd_dtw_0.8,LassoSVC,1,0.596
Plane,dd_fdtw_0.6,LassoSVC,1,0.683
Plane,dd_fdtw_0.8,LassoSVC,1,0.698
Plane,dd_itakura_0.6,LassoSVC,1,0.513
Plane,dd_itakura_0.8,LassoSVC,1,0.607
Plane,dd_sakoe_chiba_0.6,LassoSVC,1,0.511
Plane,dd_sakoe_chiba_0.8,LassoSVC,1,0.577
Plane,dd_dtw_0.6,Tree,1,0.452
Plane,dd_dtw_0.8,Tree,1,0.471
Plane,dd_fdtw_0.6,Tree,1,0.455
Plane,dd_fdtw_0.8,Tree,1,0.463
Plane,dd_itakura_0.6,Tree,1,0.455
Plane,dd_itakura_0.8,Tree,1,0.475
Plane,dd_sakoe_chiba_0.6,Tree,1,0.451
Plane,dd_sakoe_chiba_0.8,Tree,1,0.467
ArrowHead,dd_dtw_0.6,Random_10,0.70155,0.101
ArrowHead,dd_dtw_0.8,Random_10,0.71561,0.101
ArrowHead,dd_fdtw_0.6,Random_10,0.69169,0.101
ArrowHead,dd_fdtw_0.8,Random_10,0.81993,0.101
ArrowHead,dd_itakura_0.6,Random_10,0.71107,0.101
ArrowHead,dd_itakura_0.8,Random_10,0.71085,0.101
ArrowHead,dd_sakoe_chiba_0.6,Random_10,0.68239,0.101
ArrowHead,dd_sakoe_chiba_0.8,Random_10,0.72525,0.101
ArrowHead,dd_dtw_0.6,Random_50,0.84363,0.502
ArrowHead,dd_dtw_0.8,Random_50,0.8814,0.502
ArrowHead,dd_fdtw_0.6,Random_50,0.86246,0.502
ArrowHead,dd_fdtw_0.8,Random_50,0.8907,0.502
ArrowHead,dd_itakura_0.6,Random_50,0.85293,0.502
ArrowHead,dd_itakura_0.8,Random_50,0.88128,0.502
ArrowHead,dd_sakoe_chiba_0.6,Random_50,0.84341,0.502
ArrowHead,dd_sakoe_chiba_0.8,Random_50,0.85293,0.502
ArrowHead,dd_dtw_0.6,Random_30,0.78649,0.302
ArrowHead,dd_dtw_0.8,Random_30,0.84828,0.302
ArrowHead,dd_fdtw_0.6,Random_30,0.83843,0.302
ArrowHead,dd_fdtw_0.8,Random_30,0.87652,0.302
ArrowHead,dd_itakura_0.6,Random_30,0.79601,0.302
ArrowHead,dd_itakura_0.8,Random_30,0.84828,0.302
ArrowHead,dd_sakoe_chiba_0.6,Random_30,0.80543,0.302
ArrowHead,dd_sakoe_chiba_0.8,Random_30,0.80532,0.302
ArrowHead,dd_dtw_0.6,LassoSVC,0.84806,0.683
ArrowHead,dd_dtw_0.8,LassoSVC,0.89535,0.637
ArrowHead,dd_fdtw_0.6,LassoSVC,0.8526,0.961
ArrowHead,dd_fdtw_0.8,LassoSVC,0.90022,0.961
ArrowHead,dd_itakura_0.6,LassoSVC,0.85736,0.688
ArrowHead,dd_itakura_0.8,LassoSVC,0.89535,0.647
ArrowHead,dd_sakoe_chiba_0.6,LassoSVC,0.8196,0.581
ArrowHead,dd_sakoe_chiba_0.8,LassoSVC,0.90997,0.563
ArrowHead,dd_dtw_0.6,Tree,0.78638,0.399
ArrowHead,dd_dtw_0.8,Tree,0.80066,0.412
ArrowHead,dd_fdtw_0.6,Tree,0.79125,0.392
ArrowHead,dd_fdtw_0.8,Tree,0.87663,0.397
ArrowHead,dd_itakura_0.6,Tree,0.74828,0.39
ArrowHead,dd_itakura_0.8,Tree,0.78638,0.415
ArrowHead,dd_sakoe_chiba_0.6,Tree,0.8103,0.377
ArrowHead,dd_sakoe_chiba_0.8,Tree,0.83422,0.391
Ham,dd_dtw_0.6,Random_10,0.66844,0.105
Ham,dd_dtw_0.8,Random_10,0.62115,0.105
Ham,dd_fdtw_0.6,Random_10,0.61705,0.105
Ham,dd_fdtw_0.8,Random_10,0.61705,0.105
Ham,dd_itakura_0.6,Random_10,0.63599,0.105
Ham,dd_itakura_0.8,Random_10,0.64042,0.105
Ham,dd_sakoe_chiba_0.6,Random_10,0.70565,0.105
Ham,dd_sakoe_chiba_0.8,Random_10,0.65393,0.105
Ham,dd_dtw_0.6,Random_50,0.73865,0.502
Ham,dd_dtw_0.8,Random_50,0.76611,0.502
Ham,dd_fdtw_0.6,Random_50,0.77099,0.502
Ham,dd_fdtw_0.8,Random_50,0.71052,0.502
Ham,dd_itakura_0.6,Random_50,0.72901,0.502
Ham,dd_itakura_0.8,Random_50,0.71517,0.502
Ham,dd_sakoe_chiba_0.6,Random_50,0.72857,0.502
Ham,dd_sakoe_chiba_0.8,Random_50,0.74773,0.502
Ham,dd_dtw_0.6,Random_30,0.67685,0.304
Ham,dd_dtw_0.8,Random_30,0.77087,0.304
Ham,dd_fdtw_0.6,Random_30,0.67752,0.304
Ham,dd_fdtw_0.8,Random_30,0.61296,0.304
Ham,dd_itakura_0.6,Random_30,0.69635,0.304
Ham,dd_itakura_0.8,Random_30,0.70509,0.304
Ham,dd_sakoe_chiba_0.6,Random_30,0.7474,0.304
Ham,dd_sakoe_chiba_0.8,Random_30,0.7711,0.304
Ham,dd_dtw_0.6,LassoSVC,0.77121,0.775
Ham,dd_dtw_0.8,LassoSVC,0.73378,0.764
Ham,dd_fdtw_0.6,LassoSVC,0.7804,0.988
Ham,dd_fdtw_0.8,LassoSVC,0.76633,0.972
Ham,dd_itakura_0.6,LassoSVC,0.76645,0.769
Ham,dd_itakura_0.8,LassoSVC,0.76202,0.762
Ham,dd_sakoe_chiba_0.6,LassoSVC,0.78527,0.842
Ham,dd_sakoe_chiba_0.8,LassoSVC,0.73422,0.856
Ham,dd_dtw_0.6,Tree,0.71517,0.431
Ham,dd_dtw_0.8,Tree,0.64042,0.431
Ham,dd_fdtw_0.6,Tree,0.72879,0.404
Ham,dd_fdtw_0.8,Tree,0.77099,0.404
Ham,dd_itakura_0.6,Tree,0.73367,0.442
Ham,dd_itakura_0.8,Tree,0.73865,0.429
Ham,dd_sakoe_chiba_0.6,Tree,0.75216,0.426
Ham,dd_sakoe_chiba_0.8,Tree,0.72458,0.404
ToeSegmentation1,dd_dtw_0.6,Random_10,0.81726,0.103
ToeSegmentation1,dd_dtw_0.8,Random_10,0.81684,0.103
ToeSegmentation1,dd_fdtw_0.6,Random_10,0.75709,0.103
ToeSegmentation1,dd_fdtw_0.8,Random_10,0.75765,0.103
ToeSegmentation1,dd_itakura_0.6,Random_10,0.80587,0.103
ToeSegmentation1,dd_itakura_0.8,Random_10,0.83934,0.103
ToeSegmentation1,dd_sakoe_chiba_0.6,Random_10,0.74228,0.103
ToeSegmentation1,dd_sakoe_chiba_0.8,Random_10,0.77212,0.103
ToeSegmentation1,dd_dtw_0.6,Random_50,0.89923,0.501
ToeSegmentation1,dd_dtw_0.8,Random_50,0.89525,0.501
ToeSegmentation1,dd_fdtw_0.6,Random_50,0.92166,0.501
ToeSegmentation1,dd_fdtw_0.8,Random_50,0.95514,0.501
ToeSegmentation1,dd_itakura_0.6,Random_50,0.89916,0.501
ToeSegmentation1,dd_itakura_0.8,Random_50,0.91789,0.501
ToeSegmentation1,dd_sakoe_chiba_0.6,Random_50,0.87687,0.501
ToeSegmentation1,dd_sakoe_chiba_0.8,Random_50,0.88798,0.501
ToeSegmentation1,dd_dtw_0.6,Random_30,0.8805,0.303
ToeSegmentation1,dd_dtw_0.8,Random_30,0.90678,0.303
ToeSegmentation1,dd_fdtw_0.6,Random_30,0.8805,0.303
ToeSegmentation1,dd_fdtw_0.8,Random_30,0.91419,0.303
ToeSegmentation1,dd_itakura_0.6,Random_30,0.88071,0.303
ToeSegmentation1,dd_itakura_0.8,Random_30,0.89923,0.303
ToeSegmentation1,dd_sakoe_chiba_0.6,Random_30,0.86548,0.303
ToeSegmentation1,dd_sakoe_chiba_0.8,Random_30,0.85052,0.303
ToeSegmentation1,dd_dtw_0.6,LassoSVC,0.90307,0.548
ToeSegmentation1,dd_dtw_0.8,LassoSVC,0.93669,0.561
ToeSegmentation1,dd_fdtw_0.6,LassoSVC,0.95521,0.848
ToeSegmentation1,dd_fdtw_0.8,LassoSVC,0.96639,0.83
ToeSegmentation1,dd_itakura_0.6,LassoSVC,0.89944,0.573
ToeSegmentation1,dd_itakura_0.8,LassoSVC,0.92551,0.593
ToeSegmentation1,dd_sakoe_chiba_0.6,LassoSVC,0.90685,0.675
ToeSegmentation1,dd_sakoe_chiba_0.8,LassoSVC,0.93655,0.691
ToeSegmentation1,dd_dtw_0.6,Tree,0.89161,0.399
ToeSegmentation1,dd_dtw_0.8,Tree,0.88456,0.398
ToeSegmentation1,dd_fdtw_0.6,Tree,0.8768,0.355
ToeSegmentation1,dd_fdtw_0.8,Tree,0.90321,0.336
ToeSegmentation1,dd_itakura_0.6,Tree,0.8731,0.414
ToeSegmentation1,dd_itakura_0.8,Tree,0.90314,0.41
ToeSegmentation1,dd_sakoe_chiba_0.6,Tree,0.82488,0.41
ToeSegmentation1,dd_sakoe_chiba_0.8,Tree,0.89189,0.431
SmoothSubspace,dd_dtw_0.6,Random_10,0.91333,0.1
SmoothSubspace,dd_dtw_0.8,Random_10,0.89333,0.1
SmoothSubspace,dd_fdtw_0.6,Random_10,0.98,0.1
SmoothSubspace,dd_fdtw_0.8,Random_10,0.96,0.1
SmoothSubspace,dd_itakura_0.6,Random_10,0.92,0.1
SmoothSubspace,dd_itakura_0.8,Random_10,0.86,0.1
SmoothSubspace,dd_sakoe_chiba_0.6,Random_10,0.96,0.1
SmoothSubspace,dd_sakoe_chiba_0.8,Random_10,0.93667,0.1
SmoothSubspace,dd_dtw_0.6,Random_50,0.96333,0.5
SmoothSubspace,dd_dtw_0.8,Random_50,0.94333,0.5
SmoothSubspace,dd_fdtw_0.6,Random_50,0.99333,0.5
SmoothSubspace,dd_fdtw_0.8,Random_50,0.97333,0.5
SmoothSubspace,dd_itakura_0.6,Random_50,0.97333,0.5
SmoothSubspace,dd_itakura_0.8,Random_50,0.95667,0.5
SmoothSubspace,dd_sakoe_chiba_0.6,Random_50,0.97333,0.5
SmoothSubspace,dd_sakoe_chiba_0.8,Random_50,0.97,0.5
SmoothSubspace,dd_dtw_0.6,Random_30,0.94333,0.3
SmoothSubspace,dd_dtw_0.8,Random_30,0.93,0.3
SmoothSubspace,dd_fdtw_0.6,Random_30,0.99,0.3
SmoothSubspace,dd_fdtw_0.8,Random_30,0.98,0.3
SmoothSubspace,dd_itakura_0.6,Random_30,0.97667,0.3
SmoothSubspace,dd_itakura_0.8,Random_30,0.94667,0.3
SmoothSubspace,dd_sakoe_chiba_0.6,Random_30,0.97333,0.3
SmoothSubspace,dd_sakoe_chiba_0.8,Random_30,0.95667,0.3
SmoothSubspace,dd_dtw_0.6,LassoSVC,0.96667,0.466
SmoothSubspace,dd_dtw_0.8,LassoSVC,0.94,0.511
SmoothSubspace,dd_fdtw_0.6,LassoSVC,0.99667,0.503
SmoothSubspace,dd_fdtw_0.8,LassoSVC,0.97667,0.543
SmoothSubspace,dd_itakura_0.6,LassoSVC,0.97333,0.693
SmoothSubspace,dd_itakura_0.8,LassoSVC,0.96,0.895
SmoothSubspace,dd_sakoe_chiba_0.6,LassoSVC,0.98,0.398
SmoothSubspace,dd_sakoe_chiba_0.8,LassoSVC,0.96667,0.462
SmoothSubspace,dd_dtw_0.6,Tree,0.96333,0.381
SmoothSubspace,dd_dtw_0.8,Tree,0.95,0.395
SmoothSubspace,dd_fdtw_0.6,Tree,0.99,0.386
SmoothSubspace,dd_fdtw_0.8,Tree,0.98667,0.379
SmoothSubspace,dd_itakura_0.6,Tree,0.97,0.374
SmoothSubspace,dd_itakura_0.8,Tree,0.95333,0.403
SmoothSubspace,dd_sakoe_chiba_0.6,Tree,0.97,0.377
SmoothSubspace,dd_sakoe_chiba_0.8,Tree,0.96,0.362
PowerCons,dd_dtw_0.6,Random_10,0.91667,0.101
PowerCons,dd_dtw_0.8,Random_10,0.91111,0.101
PowerCons,dd_fdtw_0.6,Random_10,0.94444,0.101
PowerCons,dd_fdtw_0.8,Random_10,0.89167,0.101
PowerCons,dd_itakura_0.6,Random_10,0.91667,0.101
PowerCons,dd_itakura_0.8,Random_10,0.90556,0.101
PowerCons,dd_sakoe_chiba_0.6,Random_10,0.99722,0.101
PowerCons,dd_sakoe_chiba_0.8,Random_10,0.98889,0.101
PowerCons,dd_dtw_0.6,Random_50,0.95556,0.5
PowerCons,dd_dtw_0.8,Random_50,0.94444,0.5
PowerCons,dd_fdtw_0.6,Random_50,0.95833,0.5
PowerCons,dd_fdtw_0.8,Random_50,0.95833,0.5
PowerCons,dd_itakura_0.6,Random_50,0.95833,0.5
PowerCons,dd_itakura_0.8,Random_50,0.96111,0.5
PowerCons,dd_sakoe_chiba_0.6,Random_50,0.99444,0.5
PowerCons,dd_sakoe_chiba_0.8,Random_50,0.98611,0.5
PowerCons,dd_dtw_0.6,Random_30,0.95,0.302
PowerCons,dd_dtw_0.8,Random_30,0.95,0.302
PowerCons,dd_fdtw_0.6,Random_30,0.95278,0.302
PowerCons,dd_fdtw_0.8,Random_30,0.96389,0.302
PowerCons,dd_itakura_0.6,Random_30,0.93333,0.302
PowerCons,dd_itakura_0.8,Random_30,0.93611,0.302
PowerCons,dd_sakoe_chiba_0.6,Random_30,0.99722,0.302
PowerCons,dd_sakoe_chiba_0.8,Random_30,0.98611,0.302
PowerCons,dd_dtw_0.6,LassoSVC,0.96111,0.461
PowerCons,dd_dtw_0.8,LassoSVC,0.96111,0.482
PowerCons,dd_fdtw_0.6,LassoSVC,0.97222,0.658
PowerCons,dd_fdtw_0.8,LassoSVC,0.96944,0.669
PowerCons,dd_itakura_0.6,LassoSVC,0.96111,0.431
PowerCons,dd_itakura_0.8,LassoSVC,0.95833,0.461
PowerCons,dd_sakoe_chiba_0.6,LassoSVC,0.99167,0.199
PowerCons,dd_sakoe_chiba_0.8,LassoSVC,0.98611,0.225
PowerCons,dd_dtw_0.6,Tree,0.96111,0.312
PowerCons,dd_dtw_0.8,Tree,0.94167,0.32
PowerCons,dd_fdtw_0.6,Tree,0.96944,0.285
PowerCons,dd_fdtw_0.8,Tree,0.95833,0.292
PowerCons,dd_itakura_0.6,Tree,0.93056,0.308
PowerCons,dd_itakura_0.8,Tree,0.93056,0.322
PowerCons,dd_sakoe_chiba_0.6,Tree,1,0.274
PowerCons,dd_sakoe_chiba_0.8,Tree,0.98889,0.299
Chinatown,dd_dtw_0.6,Random_10,0.96423,0.101
Chinatown,dd_dtw_0.8,Random_10,0.90647,0.101
Chinatown,dd_fdtw_0.6,Random_10,0.9559,0.101
Chinatown,dd_fdtw_0.8,Random_10,0.96412,0.101
Chinatown,dd_itakura_0.6,Random_10,0.97241,0.101
Chinatown,dd_itakura_0.8,Random_10,0.95586,0.101
Chinatown,dd_sakoe_chiba_0.6,Random_10,0.96416,0.101
Chinatown,dd_sakoe_chiba_0.8,Random_10,0.9121,0.101
Chinatown,dd_dtw_0.6,Random_50,0.96134,0.501
Chinatown,dd_dtw_0.8,Random_50,0.93676,0.501
Chinatown,dd_fdtw_0.6,Random_50,0.97241,0.501
Chinatown,dd_fdtw_0.8,Random_50,0.97241,0.501
Chinatown,dd_itakura_0.6,Random_50,0.97515,0.501
Chinatown,dd_itakura_0.8,Random_50,0.97237,0.501
Chinatown,dd_sakoe_chiba_0.6,Random_50,0.96693,0.501
Chinatown,dd_sakoe_chiba_0.8,Random_50,0.97241,0.501
Chinatown,dd_dtw_0.6,Random_30,0.95864,0.301
Chinatown,dd_dtw_0.8,Random_30,0.96963,0.301
Chinatown,dd_fdtw_0.6,Random_30,0.97237,0.301
Chinatown,dd_fdtw_0.8,Random_30,0.96416,0.301
Chinatown,dd_itakura_0.6,Random_30,0.96419,0.301
Chinatown,dd_itakura_0.8,Random_30,0.96963,0.301
Chinatown,dd_sakoe_chiba_0.6,Random_30,0.95868,0.301
Chinatown,dd_sakoe_chiba_0.8,Random_30,0.97789,0.301
Chinatown,dd_dtw_0.6,LassoSVC,0.96412,0.92
Chinatown,dd_dtw_0.8,LassoSVC,0.96134,0.904
Chinatown,dd_fdtw_0.6,LassoSVC,0.97519,0.937
Chinatown,dd_fdtw_0.8,LassoSVC,0.97523,0.945
Chinatown,dd_itakura_0.6,LassoSVC,0.98067,0.895
Chinatown,dd_itakura_0.8,LassoSVC,0.97793,0.898
Chinatown,dd_sakoe_chiba_0.6,LassoSVC,0.97519,0.913
Chinatown,dd_sakoe_chiba_0.8,LassoSVC,0.97519,0.907
Chinatown,dd_dtw_0.6,Tree,0.96126,0.356
Chinatown,dd_dtw_0.8,Tree,0.95582,0.346
Chinatown,dd_fdtw_0.6,Tree,0.96138,0.388
Chinatown,dd_fdtw_0.8,Tree,0.96697,0.356
Chinatown,dd_itakura_0.6,Tree,0.97511,0.385
Chinatown,dd_itakura_0.8,Tree,0.96963,0.368
Chinatown,dd_sakoe_chiba_0.6,Tree,0.96138,0.384
Chinatown,dd_sakoe_chiba_0.8,Tree,0.97515,0.346
GunPointMaleVersusFemale,dd_dtw_0.6,Random_10,0.88933,0.102
GunPointMaleVersusFemale,dd_dtw_0.8,Random_10,0.96015,0.102
GunPointMaleVersusFemale,dd_fdtw_0.6,Random_10,0.99333,0.102
GunPointMaleVersusFemale,dd_fdtw_0.8,Random_10,0.99556,0.102
GunPointMaleVersusFemale,dd_itakura_0.6,Random_10,0.94901,0.102
GunPointMaleVersusFemale,dd_itakura_0.8,Random_10,0.95568,0.102
GunPointMaleVersusFemale,dd_sakoe_chiba_0.6,Random_10,1,0.102
GunPointMaleVersusFemale,dd_sakoe_chiba_0.8,Random_10,1,0.102
GunPointMaleVersusFemale,dd_dtw_0.6,Random_50,0.94237,0.501
GunPointMaleVersusFemale,dd_dtw_0.8,Random_50,0.97563,0.501
GunPointMaleVersusFemale,dd_fdtw_0.6,Random_50,0.99333,0.501
GunPointMaleVersusFemale,dd_fdtw_0.8,Random_50,0.99556,0.501
GunPointMaleVersusFemale,dd_itakura_0.6,Random_50,0.95582,0.501
GunPointMaleVersusFemale,dd_itakura_0.8,Random_50,0.96899,0.501
GunPointMaleVersusFemale,dd_sakoe_chiba_0.6,Random_50,0.99778,0.501
GunPointMaleVersusFemale,dd_sakoe_chiba_0.8,Random_50,1,0.501
GunPointMaleVersusFemale,dd_dtw_0.6,Random_30,0.92684,0.302
GunPointMaleVersusFemale,dd_dtw_0.8,Random_30,0.94691,0.302
GunPointMaleVersusFemale,dd_fdtw_0.6,Random_30,0.99336,0.302
GunPointMaleVersusFemale,dd_fdtw_0.8,Random_30,0.99778,0.302
GunPointMaleVersusFemale,dd_itakura_0.6,Random_30,0.92029,0.302
GunPointMaleVersusFemale,dd_itakura_0.8,Random_30,0.98225,0.302
GunPointMaleVersusFemale,dd_sakoe_chiba_0.6,Random_30,1,0.302
GunPointMaleVersusFemale,dd_sakoe_chiba_0.8,Random_30,1,0.302
GunPointMaleVersusFemale,dd_dtw_0.6,LassoSVC,0.92249,0.978
GunPointMaleVersusFemale,dd_dtw_0.8,LassoSVC,0.96244,0.993
GunPointMaleVersusFemale,dd_fdtw_0.6,LassoSVC,0.99556,0.738
GunPointMaleVersusFemale,dd_fdtw_0.8,LassoSVC,0.99778,0.8
GunPointMaleVersusFemale,dd_itakura_0.6,LassoSVC,0.97348,0.972
GunPointMaleVersusFemale,dd_itakura_0.8,LassoSVC,0.99556,0.96
GunPointMaleVersusFemale,dd_sakoe_chiba_0.6,LassoSVC,1,0.88
GunPointMaleVersusFemale,dd_sakoe_chiba_0.8,LassoSVC,1,0.932
GunPointMaleVersusFemale,dd_dtw_0.6,Tree,0.91819,0.37
GunPointMaleVersusFemale,dd_dtw_0.8,Tree,0.96237,0.369
GunPointMaleVersusFemale,dd_fdtw_0.6,Tree,0.99556,0.392
GunPointMaleVersusFemale,dd_fdtw_0.8,Tree,1,0.38
GunPointMaleVersusFemale,dd_itakura_0.6,Tree,0.8893,0.373
GunPointMaleVersusFemale,dd_itakura_0.8,Tree,0.90708,0.367
GunPointMaleVersusFemale,dd_sakoe_chiba_0.6,Tree,0.99778,0.367
GunPointMaleVersusFemale,dd_sakoe_chiba_0.8,Tree,1,0.384
GunPointAgeSpan,dd_dtw_0.6,Random_10,0.98225,0.102
GunPointAgeSpan,dd_dtw_0.8,Random_10,0.9601,0.102
GunPointAgeSpan,dd_fdtw_0.6,Random_10,0.94015,0.102
GunPointAgeSpan,dd_fdtw_0.8,Random_10,0.9559,0.102
GunPointAgeSpan,dd_itakura_0.6,Random_10,0.95783,0.102
GunPointAgeSpan,dd_itakura_0.8,Random_10,0.92906,0.102
GunPointAgeSpan,dd_sakoe_chiba_0.6,Random_10,0.90701,0.102
GunPointAgeSpan,dd_sakoe_chiba_0.8,Random_10,0.94904,0.102
GunPointAgeSpan,dd_dtw_0.6,Random_50,0.98225,0.501
GunPointAgeSpan,dd_dtw_0.8,Random_50,0.94266,0.501
GunPointAgeSpan,dd_fdtw_0.6,Random_50,0.9602,0.501
GunPointAgeSpan,dd_fdtw_0.8,Random_50,0.97563,0.501
GunPointAgeSpan,dd_itakura_0.6,Random_50,0.95788,0.501
GunPointAgeSpan,dd_itakura_0.8,Random_50,0.98669,0.501
GunPointAgeSpan,dd_sakoe_chiba_0.6,Random_50,0.95114,0.501
GunPointAgeSpan,dd_sakoe_chiba_0.8,Random_50,0.98005,0.501
GunPointAgeSpan,dd_dtw_0.6,Random_30,0.96469,0.302
GunPointAgeSpan,dd_dtw_0.8,Random_30,0.98669,0.302
GunPointAgeSpan,dd_fdtw_0.6,Random_30,0.95338,0.302
GunPointAgeSpan,dd_fdtw_0.8,Random_30,0.91785,0.302
GunPointAgeSpan,dd_itakura_0.6,Random_30,0.94901,0.302
GunPointAgeSpan,dd_itakura_0.8,Random_30,0.96447,0.302
GunPointAgeSpan,dd_sakoe_chiba_0.6,Random_30,0.94002,0.302
GunPointAgeSpan,dd_sakoe_chiba_0.8,Random_30,0.96894,0.302
GunPointAgeSpan,dd_dtw_0.6,LassoSVC,0.94918,0.995
GunPointAgeSpan,dd_dtw_0.8,LassoSVC,0.98225,0.991
GunPointAgeSpan,dd_fdtw_0.6,LassoSVC,0.98672,0.905
GunPointAgeSpan,dd_fdtw_0.8,LassoSVC,0.98449,0.948
GunPointAgeSpan,dd_itakura_0.6,LassoSVC,0.98005,0.989
GunPointAgeSpan,dd_itakura_0.8,LassoSVC,0.98225,0.986
GunPointAgeSpan,dd_sakoe_chiba_0.6,LassoSVC,0.96674,0.979
GunPointAgeSpan,dd_sakoe_chiba_0.8,LassoSVC,0.98007,0.965
GunPointAgeSpan,dd_dtw_0.6,Tree,0.92037,0.419
GunPointAgeSpan,dd_dtw_0.8,Tree,0.97116,0.434
GunPointAgeSpan,dd_fdtw_0.6,Tree,0.96015,0.394
GunPointAgeSpan,dd_fdtw_0.8,Tree,0.97128,0.395
GunPointAgeSpan,dd_itakura_0.6,Tree,0.94447,0.421
GunPointAgeSpan,dd_itakura_0.8,Tree,0.95363,0.42
GunPointAgeSpan,dd_sakoe_chiba_0.6,Tree,0.95341,0.418
GunPointAgeSpan,dd_sakoe_chiba_0.8,Tree,0.95568,0.415
GunPointOldVersusYoung,dd_dtw_0.6,Random_10,1,0.102
GunPointOldVersusYoung,dd_dtw_0.8,Random_10,1,0.102
GunPointOldVersusYoung,dd_fdtw_0.6,Random_10,1,0.102
GunPointOldVersusYoung,dd_fdtw_0.8,Random_10,1,0.102
GunPointOldVersusYoung,dd_itakura_0.6,Random_10,1,0.102
GunPointOldVersusYoung,dd_itakura_0.8,Random_10,1,0.102
GunPointOldVersusYoung,dd_sakoe_chiba_0.6,Random_10,1,0.102
GunPointOldVersusYoung,dd_sakoe_chiba_0.8,Random_10,1,0.102
GunPointOldVersusYoung,dd_dtw_0.6,Random_50,1,0.501
GunPointOldVersusYoung,dd_dtw_0.8,Random_50,1,0.501
GunPointOldVersusYoung,dd_fdtw_0.6,Random_50,1,0.501
GunPointOldVersusYoung,dd_fdtw_0.8,Random_50,1,0.501
GunPointOldVersusYoung,dd_itakura_0.6,Random_50,1,0.501
GunPointOldVersusYoung,dd_itakura_0.8,Random_50,1,0.501
GunPointOldVersusYoung,dd_sakoe_chiba_0.6,Random_50,1,0.501
GunPointOldVersusYoung,dd_sakoe_chiba_0.8,Random_50,1,0.501
GunPointOldVersusYoung,dd_dtw_0.6,Random_30,1,0.302
GunPointOldVersusYoung,dd_dtw_0.8,Random_30,1,0.302
GunPointOldVersusYoung,dd_fdtw_0.6,Random_30,1,0.302
GunPointOldVersusYoung,dd_fdtw_0.8,Random_30,1,0.302
GunPointOldVersusYoung,dd_itakura_0.6,Random_30,1,0.302
GunPointOldVersusYoung,dd_itakura_0.8,Random_30,1,0.302
GunPointOldVersusYoung,dd_sakoe_chiba_0.6,Random_30,1,0.302
GunPointOldVersusYoung,dd_sakoe_chiba_0.8,Random_30,1,0.302
GunPointOldVersusYoung,dd_dtw_0.6,LassoSVC,1,0.0787
GunPointOldVersusYoung,dd_dtw_0.8,LassoSVC,1,0.0948
GunPointOldVersusYoung,dd_fdtw_0.6,LassoSVC,1,0.0405
GunPointOldVersusYoung,dd_fdtw_0.8,LassoSVC,1,0.0621
GunPointOldVersusYoung,dd_itakura_0.6,LassoSVC,1,0.0776
GunPointOldVersusYoung,dd_itakura_0.8,LassoSVC,1,0.0931
GunPointOldVersusYoung,dd_sakoe_chiba_0.6,LassoSVC,1,0.113
GunPointOldVersusYoung,dd_sakoe_chiba_0.8,LassoSVC,1,0.131
GunPointOldVersusYoung,dd_dtw_0.6,Tree,1,0.228
GunPointOldVersusYoung,dd_dtw_0.8,Tree,1,0.229
GunPointOldVersusYoung,dd_fdtw_0.6,Tree,1,0.243
GunPointOldVersusYoung,dd_fdtw_0.8,Tree,1,0.236
GunPointOldVersusYoung,dd_itakura_0.6,Tree,1,0.228
GunPointOldVersusYoung,dd_itakura_0.8,Tree,1,0.229
GunPointOldVersusYoung,dd_sakoe_chiba_0.6,Tree,1,0.226
GunPointOldVersusYoung,dd_sakoe_chiba_0.8,Tree,1,0.226
DistalPhalanxOutlineAgeGroup,dd_dtw_0.6,Random_10,0.82932,0.102
DistalPhalanxOutlineAgeGroup,dd_dtw_0.8,Random_10,0.82748,0.102
DistalPhalanxOutlineAgeGroup,dd_fdtw_0.6,Random_10,0.79043,0.102
DistalPhalanxOutlineAgeGroup,dd_fdtw_0.8,Random_10,0.80897,0.102
DistalPhalanxOutlineAgeGroup,dd_itakura_0.6,Random_10,0.82378,0.102
DistalPhalanxOutlineAgeGroup,dd_itakura_0.8,Random_10,0.82748,0.102
DistalPhalanxOutlineAgeGroup,dd_sakoe_chiba_0.6,Random_10,0.82565,0.102
DistalPhalanxOutlineAgeGroup,dd_sakoe_chiba_0.8,Random_10,0.8275,0.102
DistalPhalanxOutlineAgeGroup,dd_dtw_0.6,Random_50,0.80895,0.501
DistalPhalanxOutlineAgeGroup,dd_dtw_0.8,Random_50,0.81083,0.501
DistalPhalanxOutlineAgeGroup,dd_fdtw_0.6,Random_50,0.74782,0.501
DistalPhalanxOutlineAgeGroup,dd_fdtw_0.8,Random_50,0.77736,0.501
DistalPhalanxOutlineAgeGroup,dd_itakura_0.6,Random_50,0.81636,0.501
DistalPhalanxOutlineAgeGroup,dd_itakura_0.8,Random_50,0.82191,0.501
DistalPhalanxOutlineAgeGroup,dd_sakoe_chiba_0.6,Random_50,0.82011,0.501
DistalPhalanxOutlineAgeGroup,dd_sakoe_chiba_0.8,Random_50,0.8257,0.501
DistalPhalanxOutlineAgeGroup,dd_dtw_0.6,Random_30,0.82754,0.301
DistalPhalanxOutlineAgeGroup,dd_dtw_0.8,Random_30,0.81269,0.301
DistalPhalanxOutlineAgeGroup,dd_fdtw_0.6,Random_30,0.78297,0.301
DistalPhalanxOutlineAgeGroup,dd_fdtw_0.8,Random_30,0.78114,0.301
DistalPhalanxOutlineAgeGroup,dd_itakura_0.6,Random_30,0.81641,0.301
DistalPhalanxOutlineAgeGroup,dd_itakura_0.8,Random_30,0.82009,0.301
DistalPhalanxOutlineAgeGroup,dd_sakoe_chiba_0.6,Random_30,0.81826,0.301
DistalPhalanxOutlineAgeGroup,dd_sakoe_chiba_0.8,Random_30,0.81822,0.301
DistalPhalanxOutlineAgeGroup,dd_dtw_0.6,LassoSVC,0.81644,0.402
DistalPhalanxOutlineAgeGroup,dd_dtw_0.8,LassoSVC,0.82013,0.358
DistalPhalanxOutlineAgeGroup,dd_fdtw_0.6,LassoSVC,0.79048,0.883
DistalPhalanxOutlineAgeGroup,dd_fdtw_0.8,LassoSVC,0.80521,0.867
DistalPhalanxOutlineAgeGroup,dd_itakura_0.6,LassoSVC,0.82015,0.41
DistalPhalanxOutlineAgeGroup,dd_itakura_0.8,LassoSVC,0.82196,0.362
DistalPhalanxOutlineAgeGroup,dd_sakoe_chiba_0.6,LassoSVC,0.8257,0.427
DistalPhalanxOutlineAgeGroup,dd_sakoe_chiba_0.8,LassoSVC,0.81457,0.389
DistalPhalanxOutlineAgeGroup,dd_dtw_0.6,Tree,0.82565,0.263
DistalPhalanxOutlineAgeGroup,dd_dtw_0.8,Tree,0.83311,0.266
DistalPhalanxOutlineAgeGroup,dd_fdtw_0.6,Tree,0.77733,0.277
DistalPhalanxOutlineAgeGroup,dd_fdtw_0.8,Tree,0.81449,0.29
DistalPhalanxOutlineAgeGroup,dd_itakura_0.6,Tree,0.82754,0.262
DistalPhalanxOutlineAgeGroup,dd_itakura_0.8,Tree,0.82193,0.263
DistalPhalanxOutlineAgeGroup,dd_sakoe_chiba_0.6,Tree,0.82937,0.259
DistalPhalanxOutlineAgeGroup,dd_sakoe_chiba_0.8,Tree,0.83494,0.262
DistalPhalanxTW,dd_dtw_0.6,Random_10,0.77163,0.102
DistalPhalanxTW,dd_dtw_0.8,Random_10,0.77532,0.102
DistalPhalanxTW,dd_fdtw_0.6,Random_10,0.70668,0.102
DistalPhalanxTW,dd_fdtw_0.8,Random_10,0.71033,0.102
DistalPhalanxTW,dd_itakura_0.6,Random_10,0.77349,0.102
DistalPhalanxTW,dd_itakura_0.8,Random_10,0.77532,0.102
DistalPhalanxTW,dd_sakoe_chiba_0.6,Random_10,0.7735,0.102
DistalPhalanxTW,dd_sakoe_chiba_0.8,Random_10,0.77532,0.102
DistalPhalanxTW,dd_dtw_0.6,Random_50,0.75498,0.501
DistalPhalanxTW,dd_dtw_0.8,Random_50,0.781,0.501
DistalPhalanxTW,dd_fdtw_0.6,Random_50,0.68254,0.501
DistalPhalanxTW,dd_fdtw_0.8,Random_50,0.70858,0.501
DistalPhalanxTW,dd_itakura_0.6,Random_50,0.76234,0.501
DistalPhalanxTW,dd_itakura_0.8,Random_50,0.7513,0.501
DistalPhalanxTW,dd_sakoe_chiba_0.6,Random_50,0.76793,0.501
DistalPhalanxTW,dd_sakoe_chiba_0.8,Random_50,0.76423,0.501
DistalPhalanxTW,dd_dtw_0.6,Random_30,0.77167,0.301
DistalPhalanxTW,dd_dtw_0.8,Random_30,0.77532,0.301
DistalPhalanxTW,dd_fdtw_0.6,Random_30,0.71798,0.301
DistalPhalanxTW,dd_fdtw_0.8,Random_30,0.69547,0.301
DistalPhalanxTW,dd_itakura_0.6,Random_30,0.77167,0.301
DistalPhalanxTW,dd_itakura_0.8,Random_30,0.76424,0.301
DistalPhalanxTW,dd_sakoe_chiba_0.6,Random_30,0.77165,0.301
DistalPhalanxTW,dd_sakoe_chiba_0.8,Random_30,0.76976,0.301
DistalPhalanxTW,dd_dtw_0.6,LassoSVC,0.76608,0.504
DistalPhalanxTW,dd_dtw_0.8,LassoSVC,0.7717,0.494
DistalPhalanxTW,dd_fdtw_0.6,LassoSVC,0.75317,0.929
DistalPhalanxTW,dd_fdtw_0.8,LassoSVC,0.76428,0.939
DistalPhalanxTW,dd_itakura_0.6,LassoSVC,0.76243,0.518
DistalPhalanxTW,dd_itakura_0.8,LassoSVC,0.79209,0.488
DistalPhalanxTW,dd_sakoe_chiba_0.6,LassoSVC,0.7847,0.573
DistalPhalanxTW,dd_sakoe_chiba_0.8,LassoSVC,0.77906,0.535
DistalPhalanxTW,dd_dtw_0.6,Tree,0.76608,0.24
DistalPhalanxTW,dd_dtw_0.8,Tree,0.76975,0.233
DistalPhalanxTW,dd_fdtw_0.6,Tree,0.71599,0.242
DistalPhalanxTW,dd_fdtw_0.8,Tree,0.73827,0.245
DistalPhalanxTW,dd_itakura_0.6,Tree,0.76975,0.235
DistalPhalanxTW,dd_itakura_0.8,Tree,0.76234,0.238
DistalPhalanxTW,dd_sakoe_chiba_0.6,Tree,0.77719,0.236
DistalPhalanxTW,dd_sakoe_chiba_0.8,Tree,0.76791,0.241
MiddlePhalanxTW,dd_dtw_0.6,Random_10,0.62934,0.102
MiddlePhalanxTW,dd_dtw_0.8,Random_10,0.62939,0.102
MiddlePhalanxTW,dd_fdtw_0.6,Random_10,0.59335,0.102
MiddlePhalanxTW,dd_fdtw_0.8,Random_10,0.52816,0.102
MiddlePhalanxTW,dd_itakura_0.6,Random_10,0.63479,0.102
MiddlePhalanxTW,dd_itakura_0.8,Random_10,0.62935,0.102
MiddlePhalanxTW,dd_sakoe_chiba_0.6,Random_10,0.62934,0.102
MiddlePhalanxTW,dd_sakoe_chiba_0.8,Random_10,0.62752,0.102
MiddlePhalanxTW,dd_dtw_0.6,Random_50,0.61135,0.5
MiddlePhalanxTW,dd_dtw_0.8,Random_50,0.62218,0.5
MiddlePhalanxTW,dd_fdtw_0.6,Random_50,0.4343,0.5
MiddlePhalanxTW,dd_fdtw_0.8,Random_50,0.52256,0.5
MiddlePhalanxTW,dd_itakura_0.6,Random_50,0.60588,0.5
MiddlePhalanxTW,dd_itakura_0.8,Random_50,0.61853,0.5
MiddlePhalanxTW,dd_sakoe_chiba_0.6,Random_50,0.60583,0.5
MiddlePhalanxTW,dd_sakoe_chiba_0.8,Random_50,0.62034,0.5
MiddlePhalanxTW,dd_dtw_0.6,Random_30,0.61124,0.301
MiddlePhalanxTW,dd_dtw_0.8,Random_30,0.62031,0.301
MiddlePhalanxTW,dd_fdtw_0.6,Random_30,0.59332,0.301
MiddlePhalanxTW,dd_fdtw_0.8,Random_30,0.59504,0.301
MiddlePhalanxTW,dd_itakura_0.6,Random_30,0.60763,0.301
MiddlePhalanxTW,dd_itakura_0.8,Random_30,0.6221,0.301
MiddlePhalanxTW,dd_sakoe_chiba_0.6,Random_30,0.60939,0.301
MiddlePhalanxTW,dd_sakoe_chiba_0.8,Random_30,0.61669,0.301
MiddlePhalanxTW,dd_dtw_0.6,LassoSVC,0.59684,0.44
MiddlePhalanxTW,dd_dtw_0.8,LassoSVC,0.60771,0.368
MiddlePhalanxTW,dd_fdtw_0.6,LassoSVC,0.58788,0.98
MiddlePhalanxTW,dd_fdtw_0.8,LassoSVC,0.53353,0.976
MiddlePhalanxTW,dd_itakura_0.6,LassoSVC,0.59686,0.445
MiddlePhalanxTW,dd_itakura_0.8,LassoSVC,0.6059,0.37
MiddlePhalanxTW,dd_sakoe_chiba_0.6,LassoSVC,0.58416,0.438
MiddlePhalanxTW,dd_sakoe_chiba_0.8,LassoSVC,0.60768,0.373
MiddlePhalanxTW,dd_dtw_0.6,Tree,0.62752,0.231
MiddlePhalanxTW,dd_dtw_0.8,Tree,0.61856,0.22
MiddlePhalanxTW,dd_fdtw_0.6,Tree,0.57502,0.219
MiddlePhalanxTW,dd_fdtw_0.8,Tree,0.5713,0.226
MiddlePhalanxTW,dd_itakura_0.6,Tree,0.61669,0.225
MiddlePhalanxTW,dd_itakura_0.8,Tree,0.62036,0.216
MiddlePhalanxTW,dd_sakoe_chiba_0.6,Tree,0.62396,0.228
MiddlePhalanxTW,dd_sakoe_chiba_0.8,Tree,0.61495,0.231
MiddlePhalanxOutlineAgeGroup,dd_dtw_0.6,Random_10,0.75825,0.102
MiddlePhalanxOutlineAgeGroup,dd_dtw_0.8,Random_10,0.75101,0.102
MiddlePhalanxOutlineAgeGroup,dd_fdtw_0.6,Random_10,0.70943,0.102
MiddlePhalanxOutlineAgeGroup,dd_fdtw_0.8,Random_10,0.71497,0.102
MiddlePhalanxOutlineAgeGroup,dd_itakura_0.6,Random_10,0.76185,0.102
MiddlePhalanxOutlineAgeGroup,dd_itakura_0.8,Random_10,0.75281,0.102
MiddlePhalanxOutlineAgeGroup,dd_sakoe_chiba_0.6,Random_10,0.76005,0.102
MiddlePhalanxOutlineAgeGroup,dd_sakoe_chiba_0.8,Random_10,0.75101,0.102
MiddlePhalanxOutlineAgeGroup,dd_dtw_0.6,Random_50,0.74382,0.501
MiddlePhalanxOutlineAgeGroup,dd_dtw_0.8,Random_50,0.74924,0.501
MiddlePhalanxOutlineAgeGroup,dd_fdtw_0.6,Random_50,0.70391,0.501
MiddlePhalanxOutlineAgeGroup,dd_fdtw_0.8,Random_50,0.68242,0.501
MiddlePhalanxOutlineAgeGroup,dd_itakura_0.6,Random_50,0.74921,0.501
MiddlePhalanxOutlineAgeGroup,dd_itakura_0.8,Random_50,0.75104,0.501
MiddlePhalanxOutlineAgeGroup,dd_sakoe_chiba_0.6,Random_50,0.75104,0.501
MiddlePhalanxOutlineAgeGroup,dd_sakoe_chiba_0.8,Random_50,0.75104,0.501
MiddlePhalanxOutlineAgeGroup,dd_dtw_0.6,Random_30,0.75461,0.301
MiddlePhalanxOutlineAgeGroup,dd_dtw_0.8,Random_30,0.74382,0.301
MiddlePhalanxOutlineAgeGroup,dd_fdtw_0.6,Random_30,0.71669,0.301
MiddlePhalanxOutlineAgeGroup,dd_fdtw_0.8,Random_30,0.68606,0.301
MiddlePhalanxOutlineAgeGroup,dd_itakura_0.6,Random_30,0.75463,0.301
MiddlePhalanxOutlineAgeGroup,dd_itakura_0.8,Random_30,0.74922,0.301
MiddlePhalanxOutlineAgeGroup,dd_sakoe_chiba_0.6,Random_30,0.75643,0.301
MiddlePhalanxOutlineAgeGroup,dd_sakoe_chiba_0.8,Random_30,0.75102,0.301
MiddlePhalanxOutlineAgeGroup,dd_dtw_0.6,LassoSVC,0.74739,0.279
MiddlePhalanxOutlineAgeGroup,dd_dtw_0.8,LassoSVC,0.74562,0.269
MiddlePhalanxOutlineAgeGroup,dd_fdtw_0.6,LassoSVC,0.71482,0.907
MiddlePhalanxOutlineAgeGroup,dd_fdtw_0.8,LassoSVC,0.68598,0.889
MiddlePhalanxOutlineAgeGroup,dd_itakura_0.6,LassoSVC,0.75101,0.288
MiddlePhalanxOutlineAgeGroup,dd_itakura_0.8,LassoSVC,0.74021,0.257
MiddlePhalanxOutlineAgeGroup,dd_sakoe_chiba_0.6,LassoSVC,0.74739,0.292
MiddlePhalanxOutlineAgeGroup,dd_sakoe_chiba_0.8,LassoSVC,0.74559,0.268
MiddlePhalanxOutlineAgeGroup,dd_dtw_0.6,Tree,0.75101,0.225
MiddlePhalanxOutlineAgeGroup,dd_dtw_0.8,Tree,0.74557,0.221
MiddlePhalanxOutlineAgeGroup,dd_fdtw_0.6,Tree,0.63895,0.228
MiddlePhalanxOutlineAgeGroup,dd_fdtw_0.8,Tree,0.63011,0.224
MiddlePhalanxOutlineAgeGroup,dd_itakura_0.6,Tree,0.75826,0.227
MiddlePhalanxOutlineAgeGroup,dd_itakura_0.8,Tree,0.74377,0.223
MiddlePhalanxOutlineAgeGroup,dd_sakoe_chiba_0.6,Tree,0.75461,0.229
MiddlePhalanxOutlineAgeGroup,dd_sakoe_chiba_0.8,Tree,0.74377,0.219
SyntheticControl,dd_dtw_0.6,Random_10,0.99167,0.1
SyntheticControl,dd_dtw_0.8,Random_10,0.97333,0.1
SyntheticControl,dd_fdtw_0.6,Random_10,0.95833,0.1
SyntheticControl,dd_fdtw_0.8,Random_10,0.87333,0.1
SyntheticControl,dd_itakura_0.6,Random_10,0.98167,0.1
SyntheticControl,dd_itakura_0.8,Random_10,0.965,0.1
SyntheticControl,dd_sakoe_chiba_0.6,Random_10,0.96833,0.1
SyntheticControl,dd_sakoe_chiba_0.8,Random_10,0.92667,0.1
SyntheticControl,dd_dtw_0.6,Random_50,0.99167,0.5
SyntheticControl,dd_dtw_0.8,Random_50,0.985,0.5
SyntheticControl,dd_fdtw_0.6,Random_50,0.97667,0.5
SyntheticControl,dd_fdtw_0.8,Random_50,0.965,0.5
SyntheticControl,dd_itakura_0.6,Random_50,0.99,0.5
SyntheticControl,dd_itakura_0.8,Random_50,0.98833,0.5
SyntheticControl,dd_sakoe_chiba_0.6,Random_50,0.98333,0.5
SyntheticControl,dd_sakoe_chiba_0.8,Random_50,0.96667,0.5
SyntheticControl,dd_dtw_0.6,Random_30,0.99,0.3
SyntheticControl,dd_dtw_0.8,Random_30,0.98,0.3
SyntheticControl,dd_fdtw_0.6,Random_30,0.97833,0.3
SyntheticControl,dd_fdtw_0.8,Random_30,0.93667,0.3
SyntheticControl,dd_itakura_0.6,Random_30,0.99,0.3
SyntheticControl,dd_itakura_0.8,Random_30,0.98167,0.3
SyntheticControl,dd_sakoe_chiba_0.6,Random_30,0.96833,0.3
SyntheticControl,dd_sakoe_chiba_0.8,Random_30,0.95833,0.3
SyntheticControl,dd_dtw_0.6,LassoSVC,0.99167,0.821
SyntheticControl,dd_dtw_0.8,LassoSVC,0.985,0.9
SyntheticControl,dd_fdtw_0.6,LassoSVC,0.98333,0.965
SyntheticControl,dd_fdtw_0.8,LassoSVC,0.96833,0.988
SyntheticControl,dd_itakura_0.6,LassoSVC,0.99333,0.826
SyntheticControl,dd_itakura_0.8,LassoSVC,0.98833,0.89
SyntheticControl,dd_sakoe_chiba_0.6,LassoSVC,0.98833,0.825
SyntheticControl,dd_sakoe_chiba_0.8,LassoSVC,0.97,0.889
SyntheticControl,dd_dtw_0.6,Tree,0.99,0.425
SyntheticControl,dd_dtw_0.8,Tree,0.985,0.425
SyntheticControl,dd_fdtw_0.6,Tree,0.98,0.427
SyntheticControl,dd_fdtw_0.8,Tree,0.94667,0.422
SyntheticControl,dd_itakura_0.6,Tree,0.99333,0.418
SyntheticControl,dd_itakura_0.8,Tree,0.985,0.426
SyntheticControl,dd_sakoe_chiba_0.6,Tree,0.985,0.43
SyntheticControl,dd_sakoe_chiba_0.8,Tree,0.96833,0.434
ProximalPhalanxOutlineAgeGroup,dd_dtw_0.6,Random_10,0.83967,0.101
ProximalPhalanxOutlineAgeGroup,dd_dtw_0.8,Random_10,0.83802,0.101
ProximalPhalanxOutlineAgeGroup,dd_fdtw_0.6,Random_10,0.81818,0.101
ProximalPhalanxOutlineAgeGroup,dd_fdtw_0.8,Random_10,0.80826,0.101
ProximalPhalanxOutlineAgeGroup,dd_itakura_0.6,Random_10,0.84132,0.101
ProximalPhalanxOutlineAgeGroup,dd_itakura_0.8,Random_10,0.83802,0.101
ProximalPhalanxOutlineAgeGroup,dd_sakoe_chiba_0.6,Random_10,0.83967,0.101
ProximalPhalanxOutlineAgeGroup,dd_sakoe_chiba_0.8,Random_10,0.83802,0.101
ProximalPhalanxOutlineAgeGroup,dd_dtw_0.6,Random_50,0.84793,0.5
ProximalPhalanxOutlineAgeGroup,dd_dtw_0.8,Random_50,0.84793,0.5
ProximalPhalanxOutlineAgeGroup,dd_fdtw_0.6,Random_50,0.80992,0.5
ProximalPhalanxOutlineAgeGroup,dd_fdtw_0.8,Random_50,0.81157,0.5
ProximalPhalanxOutlineAgeGroup,dd_itakura_0.6,Random_50,0.84793,0.5
ProximalPhalanxOutlineAgeGroup,dd_itakura_0.8,Random_50,0.84298,0.5
ProximalPhalanxOutlineAgeGroup,dd_sakoe_chiba_0.6,Random_50,0.84793,0.5
ProximalPhalanxOutlineAgeGroup,dd_sakoe_chiba_0.8,Random_50,0.84463,0.5
ProximalPhalanxOutlineAgeGroup,dd_dtw_0.6,Random_30,0.85124,0.302
ProximalPhalanxOutlineAgeGroup,dd_dtw_0.8,Random_30,0.84959,0.302
ProximalPhalanxOutlineAgeGroup,dd_fdtw_0.6,Random_30,0.79669,0.302
ProximalPhalanxOutlineAgeGroup,dd_fdtw_0.8,Random_30,0.8281,0.302
ProximalPhalanxOutlineAgeGroup,dd_itakura_0.6,Random_30,0.85124,0.302
ProximalPhalanxOutlineAgeGroup,dd_itakura_0.8,Random_30,0.84959,0.302
ProximalPhalanxOutlineAgeGroup,dd_sakoe_chiba_0.6,Random_30,0.85289,0.302
ProximalPhalanxOutlineAgeGroup,dd_sakoe_chiba_0.8,Random_30,0.84298,0.302
ProximalPhalanxOutlineAgeGroup,dd_dtw_0.6,LassoSVC,0.84463,0.259
ProximalPhalanxOutlineAgeGroup,dd_dtw_0.8,LassoSVC,0.84793,0.231
ProximalPhalanxOutlineAgeGroup,dd_fdtw_0.6,LassoSVC,0.83471,0.76
ProximalPhalanxOutlineAgeGroup,dd_fdtw_0.8,LassoSVC,0.81983,0.728
ProximalPhalanxOutlineAgeGroup,dd_itakura_0.6,LassoSVC,0.84959,0.269
ProximalPhalanxOutlineAgeGroup,dd_itakura_0.8,LassoSVC,0.84628,0.224
ProximalPhalanxOutlineAgeGroup,dd_sakoe_chiba_0.6,LassoSVC,0.84463,0.273
ProximalPhalanxOutlineAgeGroup,dd_sakoe_chiba_0.8,LassoSVC,0.84793,0.241
ProximalPhalanxOutlineAgeGroup,dd_dtw_0.6,Tree,0.84463,0.238
ProximalPhalanxOutlineAgeGroup,dd_dtw_0.8,Tree,0.85785,0.233
ProximalPhalanxOutlineAgeGroup,dd_fdtw_0.6,Tree,0.80331,0.241
ProximalPhalanxOutlineAgeGroup,dd_fdtw_0.8,Tree,0.8,0.243
ProximalPhalanxOutlineAgeGroup,dd_itakura_0.6,Tree,0.85455,0.237
ProximalPhalanxOutlineAgeGroup,dd_itakura_0.8,Tree,0.84628,0.238
ProximalPhalanxOutlineAgeGroup,dd_sakoe_chiba_0.6,Tree,0.84628,0.237
ProximalPhalanxOutlineAgeGroup,dd_sakoe_chiba_0.8,Tree,0.85289,0.232
ProximalPhalanxTW,dd_dtw_0.6,Random_10,0.81157,0.101
ProximalPhalanxTW,dd_dtw_0.8,Random_10,0.80992,0.101
ProximalPhalanxTW,dd_fdtw_0.6,Random_10,0.75702,0.101
ProximalPhalanxTW,dd_fdtw_0.8,Random_10,0.62975,0.101
ProximalPhalanxTW,dd_itakura_0.6,Random_10,0.80992,0.101
ProximalPhalanxTW,dd_itakura_0.8,Random_10,0.81322,0.101
ProximalPhalanxTW,dd_sakoe_chiba_0.6,Random_10,0.81157,0.101
ProximalPhalanxTW,dd_sakoe_chiba_0.8,Random_10,0.80992,0.101
ProximalPhalanxTW,dd_dtw_0.6,Random_50,0.81653,0.5
ProximalPhalanxTW,dd_dtw_0.8,Random_50,0.81157,0.5
ProximalPhalanxTW,dd_fdtw_0.6,Random_50,0.78843,0.5
ProximalPhalanxTW,dd_fdtw_0.8,Random_50,0.51405,0.5
ProximalPhalanxTW,dd_itakura_0.6,Random_50,0.73884,0.5
ProximalPhalanxTW,dd_itakura_0.8,Random_50,0.81322,0.5
ProximalPhalanxTW,dd_sakoe_chiba_0.6,Random_50,0.81322,0.5
ProximalPhalanxTW,dd_sakoe_chiba_0.8,Random_50,0.81157,0.5
ProximalPhalanxTW,dd_dtw_0.6,Random_30,0.81983,0.302
ProximalPhalanxTW,dd_dtw_0.8,Random_30,0.81157,0.302
ProximalPhalanxTW,dd_fdtw_0.6,Random_30,0.68926,0.302
ProximalPhalanxTW,dd_fdtw_0.8,Random_30,0.54545,0.302
ProximalPhalanxTW,dd_itakura_0.6,Random_30,0.82479,0.302
ProximalPhalanxTW,dd_itakura_0.8,Random_30,0.81157,0.302
ProximalPhalanxTW,dd_sakoe_chiba_0.6,Random_30,0.81818,0.302
ProximalPhalanxTW,dd_sakoe_chiba_0.8,Random_30,0.80992,0.302
ProximalPhalanxTW,dd_dtw_0.6,LassoSVC,0.81322,0.389
ProximalPhalanxTW,dd_dtw_0.8,LassoSVC,0.81157,0.343
ProximalPhalanxTW,dd_fdtw_0.6,LassoSVC,0.80826,0.8
ProximalPhalanxTW,dd_fdtw_0.8,LassoSVC,0.77025,0.756
ProximalPhalanxTW,dd_itakura_0.6,LassoSVC,0.81818,0.385
ProximalPhalanxTW,dd_itakura_0.8,LassoSVC,0.81488,0.34
ProximalPhalanxTW,dd_sakoe_chiba_0.6,LassoSVC,0.81818,0.382
ProximalPhalanxTW,dd_sakoe_chiba_0.8,LassoSVC,0.81322,0.352
ProximalPhalanxTW,dd_dtw_0.6,Tree,0.81322,0.272
ProximalPhalanxTW,dd_dtw_0.8,Tree,0.8,0.271
ProximalPhalanxTW,dd_fdtw_0.6,Tree,0.69256,0.28
ProximalPhalanxTW,dd_fdtw_0.8,Tree,0.57521,0.27
ProximalPhalanxTW,dd_itakura_0.6,Tree,0.81157,0.275
ProximalPhalanxTW,dd_itakura_0.8,Tree,0.80331,0.279
ProximalPhalanxTW,dd_sakoe_chiba_0.6,Tree,0.81983,0.279
ProximalPhalanxTW,dd_sakoe_chiba_0.8,Tree,0.80331,0.273
SonyAIBORobotSurface1,dd_dtw_0.6,Random_10,0.96938,0.101
SonyAIBORobotSurface1,dd_dtw_0.8,Random_10,0.97262,0.101
SonyAIBORobotSurface1,dd_fdtw_0.6,Random_10,0.97098,0.101
SonyAIBORobotSurface1,dd_fdtw_0.8,Random_10,0.96617,0.101
SonyAIBORobotSurface1,dd_itakura_0.6,Random_10,0.97905,0.101
SonyAIBORobotSurface1,dd_itakura_0.8,Random_10,0.97262,0.101
SonyAIBORobotSurface1,dd_sakoe_chiba_0.6,Random_10,0.97742,0.101
SonyAIBORobotSurface1,dd_sakoe_chiba_0.8,Random_10,0.97422,0.101
SonyAIBORobotSurface1,dd_dtw_0.6,Random_50,0.98228,0.501
SonyAIBORobotSurface1,dd_dtw_0.8,Random_50,0.97905,0.501
SonyAIBORobotSurface1,dd_fdtw_0.6,Random_50,0.98711,0.501
SonyAIBORobotSurface1,dd_fdtw_0.8,Random_50,0.98388,0.501
SonyAIBORobotSurface1,dd_itakura_0.6,Random_50,0.98551,0.501
SonyAIBORobotSurface1,dd_itakura_0.8,Random_50,0.97745,0.501
SonyAIBORobotSurface1,dd_sakoe_chiba_0.6,Random_50,0.98228,0.501
SonyAIBORobotSurface1,dd_sakoe_chiba_0.8,Random_50,0.97746,0.501
SonyAIBORobotSurface1,dd_dtw_0.6,Random_30,0.98227,0.302
SonyAIBORobotSurface1,dd_dtw_0.8,Random_30,0.97585,0.302
SonyAIBORobotSurface1,dd_fdtw_0.6,Random_30,0.98227,0.302
SonyAIBORobotSurface1,dd_fdtw_0.8,Random_30,0.98066,0.302
SonyAIBORobotSurface1,dd_itakura_0.6,Random_30,0.97905,0.302
SonyAIBORobotSurface1,dd_itakura_0.8,Random_30,0.97907,0.302
SonyAIBORobotSurface1,dd_sakoe_chiba_0.6,Random_30,0.9839,0.302
SonyAIBORobotSurface1,dd_sakoe_chiba_0.8,Random_30,0.98228,0.302
SonyAIBORobotSurface1,dd_dtw_0.6,LassoSVC,0.98388,0.143
SonyAIBORobotSurface1,dd_dtw_0.8,LassoSVC,0.98227,0.151
SonyAIBORobotSurface1,dd_fdtw_0.6,LassoSVC,0.98548,0.298
SonyAIBORobotSurface1,dd_fdtw_0.8,LassoSVC,0.98711,0.286
SonyAIBORobotSurface1,dd_itakura_0.6,LassoSVC,0.9855,0.136
SonyAIBORobotSurface1,dd_itakura_0.8,LassoSVC,0.98227,0.15
SonyAIBORobotSurface1,dd_sakoe_chiba_0.6,LassoSVC,0.98066,0.149
SonyAIBORobotSurface1,dd_sakoe_chiba_0.8,LassoSVC,0.98227,0.151
SonyAIBORobotSurface1,dd_dtw_0.6,Tree,0.98066,0.203
SonyAIBORobotSurface1,dd_dtw_0.8,Tree,0.98066,0.199
SonyAIBORobotSurface1,dd_fdtw_0.6,Tree,0.97742,0.207
SonyAIBORobotSurface1,dd_fdtw_0.8,Tree,0.9855,0.206
SonyAIBORobotSurface1,dd_itakura_0.6,Tree,0.97906,0.2
SonyAIBORobotSurface1,dd_itakura_0.8,Tree,0.97906,0.196
SonyAIBORobotSurface1,dd_sakoe_chiba_0.6,Tree,0.97905,0.206
SonyAIBORobotSurface1,dd_sakoe_chiba_0.8,Tree,0.98067,0.202
DistalPhalanxOutlineCorrect,dd_dtw_0.6,Random_10,0.84702,0.101
DistalPhalanxOutlineCorrect,dd_dtw_0.8,Random_10,0.8459,0.101
DistalPhalanxOutlineCorrect,dd_fdtw_0.6,Random_10,0.70686,0.101
DistalPhalanxOutlineCorrect,dd_fdtw_0.8,Random_10,0.71818,0.101
DistalPhalanxOutlineCorrect,dd_itakura_0.6,Random_10,0.84474,0.101
DistalPhalanxOutlineCorrect,dd_itakura_0.8,Random_10,0.84019,0.101
DistalPhalanxOutlineCorrect,dd_sakoe_chiba_0.6,Random_10,0.84475,0.101
DistalPhalanxOutlineCorrect,dd_sakoe_chiba_0.8,Random_10,0.84132,0.101
DistalPhalanxOutlineCorrect,dd_dtw_0.6,Random_50,0.81732,0.501
DistalPhalanxOutlineCorrect,dd_dtw_0.8,Random_50,0.84018,0.501
DistalPhalanxOutlineCorrect,dd_fdtw_0.6,Random_50,0.78421,0.501
DistalPhalanxOutlineCorrect,dd_fdtw_0.8,Random_50,0.7934,0.501
DistalPhalanxOutlineCorrect,dd_itakura_0.6,Random_50,0.81047,0.501
DistalPhalanxOutlineCorrect,dd_itakura_0.8,Random_50,0.83902,0.501
DistalPhalanxOutlineCorrect,dd_sakoe_chiba_0.6,Random_50,0.80135,0.501
DistalPhalanxOutlineCorrect,dd_sakoe_chiba_0.8,Random_50,0.83221,0.501
DistalPhalanxOutlineCorrect,dd_dtw_0.6,Random_30,0.83675,0.301
DistalPhalanxOutlineCorrect,dd_dtw_0.8,Random_30,0.84133,0.301
DistalPhalanxOutlineCorrect,dd_fdtw_0.6,Random_30,0.78649,0.301
DistalPhalanxOutlineCorrect,dd_fdtw_0.8,Random_30,0.82646,0.301
DistalPhalanxOutlineCorrect,dd_itakura_0.6,Random_30,0.82645,0.301
DistalPhalanxOutlineCorrect,dd_itakura_0.8,Random_30,0.83451,0.301
DistalPhalanxOutlineCorrect,dd_sakoe_chiba_0.6,Random_30,0.82191,0.301
DistalPhalanxOutlineCorrect,dd_sakoe_chiba_0.8,Random_30,0.83219,0.301
DistalPhalanxOutlineCorrect,dd_dtw_0.6,LassoSVC,0.84245,0.435
DistalPhalanxOutlineCorrect,dd_dtw_0.8,LassoSVC,0.83786,0.394
DistalPhalanxOutlineCorrect,dd_fdtw_0.6,LassoSVC,0.76256,0.867
DistalPhalanxOutlineCorrect,dd_fdtw_0.8,LassoSVC,0.7672,0.842
DistalPhalanxOutlineCorrect,dd_itakura_0.6,LassoSVC,0.82644,0.431
DistalPhalanxOutlineCorrect,dd_itakura_0.8,LassoSVC,0.83101,0.392
DistalPhalanxOutlineCorrect,dd_sakoe_chiba_0.6,LassoSVC,0.82531,0.436
DistalPhalanxOutlineCorrect,dd_sakoe_chiba_0.8,LassoSVC,0.82989,0.397
DistalPhalanxOutlineCorrect,dd_dtw_0.6,Tree,0.83447,0.352
DistalPhalanxOutlineCorrect,dd_dtw_0.8,Tree,0.8436,0.349
DistalPhalanxOutlineCorrect,dd_fdtw_0.6,Tree,0.73619,0.351
DistalPhalanxOutlineCorrect,dd_fdtw_0.8,Tree,0.7945,0.346
DistalPhalanxOutlineCorrect,dd_itakura_0.6,Tree,0.82987,0.346
DistalPhalanxOutlineCorrect,dd_itakura_0.8,Tree,0.83447,0.348
DistalPhalanxOutlineCorrect,dd_sakoe_chiba_0.6,Tree,0.81964,0.348
DistalPhalanxOutlineCorrect,dd_sakoe_chiba_0.8,Tree,0.83562,0.349
ProximalPhalanxOutlineCorrect,dd_dtw_0.6,Random_10,0.83276,0.101
ProximalPhalanxOutlineCorrect,dd_dtw_0.8,Random_10,0.83051,0.101
ProximalPhalanxOutlineCorrect,dd_fdtw_0.6,Random_10,0.79458,0.101
ProximalPhalanxOutlineCorrect,dd_fdtw_0.8,Random_10,0.83948,0.101
ProximalPhalanxOutlineCorrect,dd_itakura_0.6,Random_10,0.83614,0.101
ProximalPhalanxOutlineCorrect,dd_itakura_0.8,Random_10,0.835,0.101
ProximalPhalanxOutlineCorrect,dd_sakoe_chiba_0.6,Random_10,0.83164,0.101
ProximalPhalanxOutlineCorrect,dd_sakoe_chiba_0.8,Random_10,0.82939,0.101
ProximalPhalanxOutlineCorrect,dd_dtw_0.6,Random_50,0.87989,0.501
ProximalPhalanxOutlineCorrect,dd_dtw_0.8,Random_50,0.87655,0.501
ProximalPhalanxOutlineCorrect,dd_fdtw_0.6,Random_50,0.82506,0.501
ProximalPhalanxOutlineCorrect,dd_fdtw_0.8,Random_50,0.85079,0.501
ProximalPhalanxOutlineCorrect,dd_itakura_0.6,Random_50,0.87655,0.501
ProximalPhalanxOutlineCorrect,dd_itakura_0.8,Random_50,0.87654,0.501
ProximalPhalanxOutlineCorrect,dd_sakoe_chiba_0.6,Random_50,0.87094,0.501
ProximalPhalanxOutlineCorrect,dd_sakoe_chiba_0.8,Random_50,0.87993,0.501
ProximalPhalanxOutlineCorrect,dd_dtw_0.6,Random_30,0.86868,0.3
ProximalPhalanxOutlineCorrect,dd_dtw_0.8,Random_30,0.8597,0.3
ProximalPhalanxOutlineCorrect,dd_fdtw_0.6,Random_30,0.80015,0.3
ProximalPhalanxOutlineCorrect,dd_fdtw_0.8,Random_30,0.73949,0.3
ProximalPhalanxOutlineCorrect,dd_itakura_0.6,Random_30,0.86531,0.3
ProximalPhalanxOutlineCorrect,dd_itakura_0.8,Random_30,0.8653,0.3
ProximalPhalanxOutlineCorrect,dd_sakoe_chiba_0.6,Random_30,0.86644,0.3
ProximalPhalanxOutlineCorrect,dd_sakoe_chiba_0.8,Random_30,0.86082,0.3
ProximalPhalanxOutlineCorrect,dd_dtw_0.6,LassoSVC,0.87542,0.321
ProximalPhalanxOutlineCorrect,dd_dtw_0.8,LassoSVC,0.87544,0.286
ProximalPhalanxOutlineCorrect,dd_fdtw_0.6,LassoSVC,0.8788,0.757
ProximalPhalanxOutlineCorrect,dd_fdtw_0.8,LassoSVC,0.72426,0.717
ProximalPhalanxOutlineCorrect,dd_itakura_0.6,LassoSVC,0.8743,0.323
ProximalPhalanxOutlineCorrect,dd_itakura_0.8,LassoSVC,0.87992,0.288
ProximalPhalanxOutlineCorrect,dd_sakoe_chiba_0.6,LassoSVC,0.87766,0.324
ProximalPhalanxOutlineCorrect,dd_sakoe_chiba_0.8,LassoSVC,0.87207,0.287
ProximalPhalanxOutlineCorrect,dd_dtw_0.6,Tree,0.86644,0.355
ProximalPhalanxOutlineCorrect,dd_dtw_0.8,Tree,0.85859,0.339
ProximalPhalanxOutlineCorrect,dd_fdtw_0.6,Tree,0.79596,0.354
ProximalPhalanxOutlineCorrect,dd_fdtw_0.8,Tree,0.77883,0.348
ProximalPhalanxOutlineCorrect,dd_itakura_0.6,Tree,0.87431,0.347
ProximalPhalanxOutlineCorrect,dd_itakura_0.8,Tree,0.86981,0.343
ProximalPhalanxOutlineCorrect,dd_sakoe_chiba_0.6,Tree,0.86532,0.357
ProximalPhalanxOutlineCorrect,dd_sakoe_chiba_0.8,Tree,0.8642,0.345
MiddlePhalanxOutlineCorrect,dd_dtw_0.6,Random_10,0.82496,0.101
MiddlePhalanxOutlineCorrect,dd_dtw_0.8,Random_10,0.82047,0.101
MiddlePhalanxOutlineCorrect,dd_fdtw_0.6,Random_10,0.66557,0.101
MiddlePhalanxOutlineCorrect,dd_fdtw_0.8,Random_10,0.69803,0.101
MiddlePhalanxOutlineCorrect,dd_itakura_0.6,Random_10,0.82159,0.101
MiddlePhalanxOutlineCorrect,dd_itakura_0.8,Random_10,0.82495,0.101
MiddlePhalanxOutlineCorrect,dd_sakoe_chiba_0.6,Random_10,0.82048,0.101
MiddlePhalanxOutlineCorrect,dd_sakoe_chiba_0.8,Random_10,0.81147,0.101
MiddlePhalanxOutlineCorrect,dd_dtw_0.6,Random_50,0.84627,0.501
MiddlePhalanxOutlineCorrect,dd_dtw_0.8,Random_50,0.84852,0.501
MiddlePhalanxOutlineCorrect,dd_fdtw_0.6,Random_50,0.76093,0.501
MiddlePhalanxOutlineCorrect,dd_fdtw_0.8,Random_50,0.73189,0.501
MiddlePhalanxOutlineCorrect,dd_itakura_0.6,Random_50,0.83838,0.501
MiddlePhalanxOutlineCorrect,dd_itakura_0.8,Random_50,0.84402,0.501
MiddlePhalanxOutlineCorrect,dd_sakoe_chiba_0.6,Random_50,0.83615,0.501
MiddlePhalanxOutlineCorrect,dd_sakoe_chiba_0.8,Random_50,0.83842,0.501
MiddlePhalanxOutlineCorrect,dd_dtw_0.6,Random_30,0.85302,0.3
MiddlePhalanxOutlineCorrect,dd_dtw_0.8,Random_30,0.85075,0.3
MiddlePhalanxOutlineCorrect,dd_fdtw_0.6,Random_30,0.7362,0.3
MiddlePhalanxOutlineCorrect,dd_fdtw_0.8,Random_30,0.76553,0.3
MiddlePhalanxOutlineCorrect,dd_itakura_0.6,Random_30,0.84516,0.3
MiddlePhalanxOutlineCorrect,dd_itakura_0.8,Random_30,0.84852,0.3
MiddlePhalanxOutlineCorrect,dd_sakoe_chiba_0.6,Random_30,0.84514,0.3
MiddlePhalanxOutlineCorrect,dd_sakoe_chiba_0.8,Random_30,0.84288,0.3
MiddlePhalanxOutlineCorrect,dd_dtw_0.6,LassoSVC,0.85077,0.433
MiddlePhalanxOutlineCorrect,dd_dtw_0.8,LassoSVC,0.85302,0.381
MiddlePhalanxOutlineCorrect,dd_fdtw_0.6,LassoSVC,0.77662,0.83
MiddlePhalanxOutlineCorrect,dd_fdtw_0.8,LassoSVC,0.78338,0.79
MiddlePhalanxOutlineCorrect,dd_itakura_0.6,LassoSVC,0.84627,0.439
MiddlePhalanxOutlineCorrect,dd_itakura_0.8,LassoSVC,0.85862,0.381
MiddlePhalanxOutlineCorrect,dd_sakoe_chiba_0.6,LassoSVC,0.84512,0.448
MiddlePhalanxOutlineCorrect,dd_sakoe_chiba_0.8,LassoSVC,0.84964,0.411
MiddlePhalanxOutlineCorrect,dd_dtw_0.6,Tree,0.84965,0.392
MiddlePhalanxOutlineCorrect,dd_dtw_0.8,Tree,0.84737,0.397
MiddlePhalanxOutlineCorrect,dd_fdtw_0.6,Tree,0.66089,0.382
MiddlePhalanxOutlineCorrect,dd_fdtw_0.8,Tree,0.76317,0.391
MiddlePhalanxOutlineCorrect,dd_itakura_0.6,Tree,0.84513,0.392
MiddlePhalanxOutlineCorrect,dd_itakura_0.8,Tree,0.8485,0.396
MiddlePhalanxOutlineCorrect,dd_sakoe_chiba_0.6,Tree,0.83951,0.402
MiddlePhalanxOutlineCorrect,dd_sakoe_chiba_0.8,Tree,0.84178,0.393
SonyAIBORobotSurface2,dd_dtw_0.6,Random_10,0.97143,0.101
SonyAIBORobotSurface2,dd_dtw_0.8,Random_10,0.97653,0.101
SonyAIBORobotSurface2,dd_fdtw_0.6,Random_10,0.9398,0.101
SonyAIBORobotSurface2,dd_fdtw_0.8,Random_10,0.94592,0.101
SonyAIBORobotSurface2,dd_itakura_0.6,Random_10,0.95918,0.101
SonyAIBORobotSurface2,dd_itakura_0.8,Random_10,0.97041,0.101
SonyAIBORobotSurface2,dd_sakoe_chiba_0.6,Random_10,0.97143,0.101
SonyAIBORobotSurface2,dd_sakoe_chiba_0.8,Random_10,0.96633,0.101
SonyAIBORobotSurface2,dd_dtw_0.6,Random_50,0.98061,0.5
SonyAIBORobotSurface2,dd_dtw_0.8,Random_50,0.98265,0.5
SonyAIBORobotSurface2,dd_fdtw_0.6,Random_50,0.97245,0.5
SonyAIBORobotSurface2,dd_fdtw_0.8,Random_50,0.97653,0.5
SonyAIBORobotSurface2,dd_itakura_0.6,Random_50,0.98367,0.5
SonyAIBORobotSurface2,dd_itakura_0.8,Random_50,0.97653,0.5
SonyAIBORobotSurface2,dd_sakoe_chiba_0.6,Random_50,0.98367,0.5
SonyAIBORobotSurface2,dd_sakoe_chiba_0.8,Random_50,0.98265,0.5
SonyAIBORobotSurface2,dd_dtw_0.6,Random_30,0.97959,0.301
SonyAIBORobotSurface2,dd_dtw_0.8,Random_30,0.98163,0.301
SonyAIBORobotSurface2,dd_fdtw_0.6,Random_30,0.96837,0.301
SonyAIBORobotSurface2,dd_fdtw_0.8,Random_30,0.96735,0.301
SonyAIBORobotSurface2,dd_itakura_0.6,Random_30,0.97143,0.301
SonyAIBORobotSurface2,dd_itakura_0.8,Random_30,0.97347,0.301
SonyAIBORobotSurface2,dd_sakoe_chiba_0.6,Random_30,0.97959,0.301
SonyAIBORobotSurface2,dd_sakoe_chiba_0.8,Random_30,0.97653,0.301
SonyAIBORobotSurface2,dd_dtw_0.6,LassoSVC,0.98163,0.249
SonyAIBORobotSurface2,dd_dtw_0.8,LassoSVC,0.98163,0.221
SonyAIBORobotSurface2,dd_fdtw_0.6,LassoSVC,0.97653,0.598
SonyAIBORobotSurface2,dd_fdtw_0.8,LassoSVC,0.97755,0.59
SonyAIBORobotSurface2,dd_itakura_0.6,LassoSVC,0.98163,0.259
SonyAIBORobotSurface2,dd_itakura_0.8,LassoSVC,0.97959,0.243
SonyAIBORobotSurface2,dd_sakoe_chiba_0.6,LassoSVC,0.98469,0.296
SonyAIBORobotSurface2,dd_sakoe_chiba_0.8,LassoSVC,0.97959,0.268
SonyAIBORobotSurface2,dd_dtw_0.6,Tree,0.98061,0.245
SonyAIBORobotSurface2,dd_dtw_0.8,Tree,0.97959,0.238
SonyAIBORobotSurface2,dd_fdtw_0.6,Tree,0.95816,0.271
SonyAIBORobotSurface2,dd_fdtw_0.8,Tree,0.95204,0.256
SonyAIBORobotSurface2,dd_itakura_0.6,Tree,0.96633,0.255
SonyAIBORobotSurface2,dd_itakura_0.8,Tree,0.97449,0.241
SonyAIBORobotSurface2,dd_sakoe_chiba_0.6,Tree,0.97245,0.278
SonyAIBORobotSurface2,dd_sakoe_chiba_0.8,Tree,0.96735,0.255
ItalyPowerDemand,dd_dtw_0.6,Random_10,0.96078,0.1
ItalyPowerDemand,dd_dtw_0.8,Random_10,0.96169,0.1
ItalyPowerDemand,dd_fdtw_0.6,Random_10,0.94616,0.1
ItalyPowerDemand,dd_fdtw_0.8,Random_10,0.95529,0.1
ItalyPowerDemand,dd_itakura_0.6,Random_10,0.97081,0.1
ItalyPowerDemand,dd_itakura_0.8,Random_10,0.96898,0.1
ItalyPowerDemand,dd_sakoe_chiba_0.6,Random_10,0.97171,0.1
ItalyPowerDemand,dd_sakoe_chiba_0.8,Random_10,0.97172,0.1
ItalyPowerDemand,dd_dtw_0.6,Random_50,0.95987,0.5
ItalyPowerDemand,dd_dtw_0.8,Random_50,0.94525,0.5
ItalyPowerDemand,dd_fdtw_0.6,Random_50,0.9553,0.5
ItalyPowerDemand,dd_fdtw_0.8,Random_50,0.96076,0.5
ItalyPowerDemand,dd_itakura_0.6,Random_50,0.96897,0.5
ItalyPowerDemand,dd_itakura_0.8,Random_50,0.96442,0.5
ItalyPowerDemand,dd_sakoe_chiba_0.6,Random_50,0.96989,0.5
ItalyPowerDemand,dd_sakoe_chiba_0.8,Random_50,0.9708,0.5
ItalyPowerDemand,dd_dtw_0.6,Random_30,0.96534,0.301
ItalyPowerDemand,dd_dtw_0.8,Random_30,0.96625,0.301
ItalyPowerDemand,dd_fdtw_0.6,Random_30,0.94981,0.301
ItalyPowerDemand,dd_fdtw_0.8,Random_30,0.96168,0.301
ItalyPowerDemand,dd_itakura_0.6,Random_30,0.97172,0.301
ItalyPowerDemand,dd_itakura_0.8,Random_30,0.96715,0.301
ItalyPowerDemand,dd_sakoe_chiba_0.6,Random_30,0.97445,0.301
ItalyPowerDemand,dd_sakoe_chiba_0.8,Random_30,0.97171,0.301
ItalyPowerDemand,dd_dtw_0.6,LassoSVC,0.96077,0.155
ItalyPowerDemand,dd_dtw_0.8,LassoSVC,0.96442,0.147
ItalyPowerDemand,dd_fdtw_0.6,LassoSVC,0.95986,0.38
ItalyPowerDemand,dd_fdtw_0.8,LassoSVC,0.95621,0.322
ItalyPowerDemand,dd_itakura_0.6,LassoSVC,0.96807,0.122
ItalyPowerDemand,dd_itakura_0.8,LassoSVC,0.96898,0.112
ItalyPowerDemand,dd_sakoe_chiba_0.6,LassoSVC,0.96807,0.109
ItalyPowerDemand,dd_sakoe_chiba_0.8,LassoSVC,0.97081,0.108
ItalyPowerDemand,dd_dtw_0.6,Tree,0.96169,0.301
ItalyPowerDemand,dd_dtw_0.8,Tree,0.96352,0.297
ItalyPowerDemand,dd_fdtw_0.6,Tree,0.94068,0.277
ItalyPowerDemand,dd_fdtw_0.8,Tree,0.95711,0.269
ItalyPowerDemand,dd_itakura_0.6,Tree,0.96442,0.253
ItalyPowerDemand,dd_itakura_0.8,Tree,0.97172,0.24
ItalyPowerDemand,dd_sakoe_chiba_0.6,Tree,0.96535,0.214
ItalyPowerDemand,dd_sakoe_chiba_0.8,Tree,0.96898,0.216
TwoLeadECG,dd_dtw_0.6,Random_10,0.99914,0.1
TwoLeadECG,dd_dtw_0.8,Random_10,0.99914,0.1
TwoLeadECG,dd_fdtw_0.6,Random_10,0.99828,0.1
TwoLeadECG,dd_fdtw_0.8,Random_10,0.99914,0.1
TwoLeadECG,dd_itakura_0.6,Random_10,0.99914,0.1
TwoLeadECG,dd_itakura_0.8,Random_10,0.99914,0.1
TwoLeadECG,dd_sakoe_chiba_0.6,Random_10,0.99914,0.1
TwoLeadECG,dd_sakoe_chiba_0.8,Random_10,0.99914,0.1
TwoLeadECG,dd_dtw_0.6,Random_50,0.99914,0.5
TwoLeadECG,dd_dtw_0.8,Random_50,0.99914,0.5
TwoLeadECG,dd_fdtw_0.6,Random_50,0.99828,0.5
TwoLeadECG,dd_fdtw_0.8,Random_50,1,0.5
TwoLeadECG,dd_itakura_0.6,Random_50,1,0.5
TwoLeadECG,dd_itakura_0.8,Random_50,1,0.5
TwoLeadECG,dd_sakoe_chiba_0.6,Random_50,0.99914,0.5
TwoLeadECG,dd_sakoe_chiba_0.8,Random_50,0.99914,0.5
TwoLeadECG,dd_dtw_0.6,Random_30,0.99914,0.3
TwoLeadECG,dd_dtw_0.8,Random_30,0.99914,0.3
TwoLeadECG,dd_fdtw_0.6,Random_30,0.99828,0.3
TwoLeadECG,dd_fdtw_0.8,Random_30,0.99914,0.3
TwoLeadECG,dd_itakura_0.6,Random_30,0.99914,0.3
TwoLeadECG,dd_itakura_0.8,Random_30,0.99914,0.3
TwoLeadECG,dd_sakoe_chiba_0.6,Random_30,0.99914,0.3
TwoLeadECG,dd_sakoe_chiba_0.8,Random_30,0.99914,0.3
TwoLeadECG,dd_dtw_0.6,LassoSVC,0.99914,0.0942
TwoLeadECG,dd_dtw_0.8,LassoSVC,0.99914,0.096
TwoLeadECG,dd_fdtw_0.6,LassoSVC,0.99914,0.153
TwoLeadECG,dd_fdtw_0.8,LassoSVC,1,0.139
TwoLeadECG,dd_itakura_0.6,LassoSVC,0.99914,0.0985
TwoLeadECG,dd_itakura_0.8,LassoSVC,1,0.0951
TwoLeadECG,dd_sakoe_chiba_0.6,LassoSVC,0.99914,0.0981
TwoLeadECG,dd_sakoe_chiba_0.8,LassoSVC,0.99914,0.0955
TwoLeadECG,dd_dtw_0.6,Tree,0.99914,0.327
TwoLeadECG,dd_dtw_0.8,Tree,0.99914,0.334
TwoLeadECG,dd_fdtw_0.6,Tree,0.99828,0.297
TwoLeadECG,dd_fdtw_0.8,Tree,0.99914,0.284
TwoLeadECG,dd_itakura_0.6,Tree,0.99914,0.337
TwoLeadECG,dd_itakura_0.8,Tree,1,0.326
TwoLeadECG,dd_sakoe_chiba_0.6,Tree,0.99914,0.334
TwoLeadECG,dd_sakoe_chiba_0.8,Tree,0.99914,0.329
