BeetleFly,dd_dtw_0.4,LinearSVC,0.85
BeetleFly,dd_dtw_0.6,LinearSVC,0.825
BeetleFly,dd_dtw_0.8,LinearSVC,0.825
BeetleFly,dd_fdtw_0.4,LinearSVC,0.675
BeetleFly,dd_fdtw_0.6,LinearSVC,0.725
BeetleFly,dd_fdtw_0.8,LinearSVC,0.825
BeetleFly,dd_itakura_0.4,LinearSVC,0.8
BeetleFly,dd_itakura_0.6,LinearSVC,0.825
BeetleFly,dd_itakura_0.8,LinearSVC,0.825
BeetleFly,dd_sakoe_chiba_0.4,LinearSVC,0.825
BeetleFly,dd_sakoe_chiba_0.6,LinearSVC,0.85
BeetleFly,dd_sakoe_chiba_0.8,LinearSVC,0.875
BeetleFly,dd_dtw_0.4,KNeighborsClassifier,0.875
BeetleFly,dd_dtw_0.6,KNeighborsClassifier,0.875
BeetleFly,dd_dtw_0.8,KNeighborsClassifier,0.875
BeetleFly,dd_fdtw_0.4,KNeighborsClassifier,0.8
BeetleFly,dd_fdtw_0.6,KNeighborsClassifier,0.825
BeetleFly,dd_fdtw_0.8,KNeighborsClassifier,0.825
BeetleFly,dd_itakura_0.4,KNeighborsClassifier,0.875
BeetleFly,dd_itakura_0.6,KNeighborsClassifier,0.875
BeetleFly,dd_itakura_0.8,KNeighborsClassifier,0.875
BeetleFly,dd_sakoe_chiba_0.4,KNeighborsClassifier,0.9
BeetleFly,dd_sakoe_chiba_0.6,KNeighborsClassifier,0.9
BeetleFly,dd_sakoe_chiba_0.8,KNeighborsClassifier,0.9
BirdChicken,dd_dtw_0.4,LinearSVC,0.925
BirdChicken,dd_dtw_0.6,LinearSVC,0.925
BirdChicken,dd_dtw_0.8,LinearSVC,0.925
BirdChicken,dd_fdtw_0.4,LinearSVC,0.85
BirdChicken,dd_fdtw_0.6,LinearSVC,0.875
BirdChicken,dd_fdtw_0.8,LinearSVC,0.9
BirdChicken,dd_itakura_0.4,LinearSVC,0.9
BirdChicken,dd_itakura_0.6,LinearSVC,0.925
BirdChicken,dd_itakura_0.8,LinearSVC,0.925
BirdChicken,dd_sakoe_chiba_0.4,LinearSVC,0.95
BirdChicken,dd_sakoe_chiba_0.6,LinearSVC,0.95
BirdChicken,dd_sakoe_chiba_0.8,LinearSVC,0.95
BirdChicken,dd_dtw_0.4,KNeighborsClassifier,0.925
BirdChicken,dd_dtw_0.6,KNeighborsClassifier,0.925
BirdChicken,dd_dtw_0.8,KNeighborsClassifier,0.95
BirdChicken,dd_fdtw_0.4,KNeighborsClassifier,0.975
BirdChicken,dd_fdtw_0.6,KNeighborsClassifier,0.975
BirdChicken,dd_fdtw_0.8,KNeighborsClassifier,0.975
BirdChicken,dd_itakura_0.4,KNeighborsClassifier,0.925
BirdChicken,dd_itakura_0.6,KNeighborsClassifier,0.925
BirdChicken,dd_itakura_0.8,KNeighborsClassifier,0.95
BirdChicken,dd_sakoe_chiba_0.4,KNeighborsClassifier,0.95
BirdChicken,dd_sakoe_chiba_0.6,KNeighborsClassifier,0.95
BirdChicken,dd_sakoe_chiba_0.8,KNeighborsClassifier,0.975
Coffee,dd_dtw_0.4,LinearSVC,1
Coffee,dd_dtw_0.6,LinearSVC,1
Coffee,dd_dtw_0.8,LinearSVC,1
Coffee,dd_fdtw_0.4,LinearSVC,1
Coffee,dd_fdtw_0.6,LinearSVC,1
Coffee,dd_fdtw_0.8,LinearSVC,1
Coffee,dd_itakura_0.4,LinearSVC,1
Coffee,dd_itakura_0.6,LinearSVC,1
Coffee,dd_itakura_0.8,LinearSVC,1
Coffee,dd_sakoe_chiba_0.4,LinearSVC,1
Coffee,dd_sakoe_chiba_0.6,LinearSVC,1
Coffee,dd_sakoe_chiba_0.8,LinearSVC,1
Coffee,dd_dtw_0.4,KNeighborsClassifier,1
Coffee,dd_dtw_0.6,KNeighborsClassifier,1
Coffee,dd_dtw_0.8,KNeighborsClassifier,0.98182
Coffee,dd_fdtw_0.4,KNeighborsClassifier,1
Coffee,dd_fdtw_0.6,KNeighborsClassifier,1
Coffee,dd_fdtw_0.8,KNeighborsClassifier,1
Coffee,dd_itakura_0.4,KNeighborsClassifier,1
Coffee,dd_itakura_0.6,KNeighborsClassifier,1
Coffee,dd_itakura_0.8,KNeighborsClassifier,0.98182
Coffee,dd_sakoe_chiba_0.4,KNeighborsClassifier,1
Coffee,dd_sakoe_chiba_0.6,KNeighborsClassifier,1
Coffee,dd_sakoe_chiba_0.8,KNeighborsClassifier,0.98182
Beef,dd_dtw_0.4,LinearSVC,0.66667
Beef,dd_dtw_0.6,LinearSVC,0.66667
Beef,dd_dtw_0.8,LinearSVC,0.71667
Beef,dd_fdtw_0.4,LinearSVC,0.61667
Beef,dd_fdtw_0.6,LinearSVC,0.58333
Beef,dd_fdtw_0.8,LinearSVC,0.73333
Beef,dd_itakura_0.4,LinearSVC,0.51667
Beef,dd_itakura_0.6,LinearSVC,0.65
Beef,dd_itakura_0.8,LinearSVC,0.71667
Beef,dd_sakoe_chiba_0.4,LinearSVC,0.6
Beef,dd_sakoe_chiba_0.6,LinearSVC,0.7
Beef,dd_sakoe_chiba_0.8,LinearSVC,0.66667
Beef,dd_dtw_0.4,KNeighborsClassifier,0.58333
Beef,dd_dtw_0.6,KNeighborsClassifier,0.63333
Beef,dd_dtw_0.8,KNeighborsClassifier,0.65
Beef,dd_fdtw_0.4,KNeighborsClassifier,0.55
Beef,dd_fdtw_0.6,KNeighborsClassifier,0.61667
Beef,dd_fdtw_0.8,KNeighborsClassifier,0.71667
Beef,dd_itakura_0.4,KNeighborsClassifier,0.58333
Beef,dd_itakura_0.6,KNeighborsClassifier,0.63333
Beef,dd_itakura_0.8,KNeighborsClassifier,0.65
Beef,dd_sakoe_chiba_0.4,KNeighborsClassifier,0.58333
Beef,dd_sakoe_chiba_0.6,KNeighborsClassifier,0.63333
Beef,dd_sakoe_chiba_0.8,KNeighborsClassifier,0.65
OliveOil,dd_dtw_0.4,LinearSVC,0.73333
OliveOil,dd_dtw_0.6,LinearSVC,0.71667
OliveOil,dd_dtw_0.8,LinearSVC,0.68333
OliveOil,dd_fdtw_0.4,LinearSVC,0.91667
OliveOil,dd_fdtw_0.6,LinearSVC,0.91667
OliveOil,dd_fdtw_0.8,LinearSVC,0.91667
OliveOil,dd_itakura_0.4,LinearSVC,0.73333
OliveOil,dd_itakura_0.6,LinearSVC,0.71667
OliveOil,dd_itakura_0.8,LinearSVC,0.68333
OliveOil,dd_sakoe_chiba_0.4,LinearSVC,0.73333
OliveOil,dd_sakoe_chiba_0.6,LinearSVC,0.71667
OliveOil,dd_sakoe_chiba_0.8,LinearSVC,0.68333
OliveOil,dd_dtw_0.4,KNeighborsClassifier,0.88333
OliveOil,dd_dtw_0.6,KNeighborsClassifier,0.88333
OliveOil,dd_dtw_0.8,KNeighborsClassifier,0.88333
OliveOil,dd_fdtw_0.4,KNeighborsClassifier,0.88333
OliveOil,dd_fdtw_0.6,KNeighborsClassifier,0.9
OliveOil,dd_fdtw_0.8,KNeighborsClassifier,0.9
OliveOil,dd_itakura_0.4,KNeighborsClassifier,0.88333
OliveOil,dd_itakura_0.6,KNeighborsClassifier,0.88333
OliveOil,dd_itakura_0.8,KNeighborsClassifier,0.88333
OliveOil,dd_sakoe_chiba_0.4,KNeighborsClassifier,0.88333
OliveOil,dd_sakoe_chiba_0.6,KNeighborsClassifier,0.88333
OliveOil,dd_sakoe_chiba_0.8,KNeighborsClassifier,0.88333
Wine,dd_dtw_0.4,LinearSVC,0.61186
Wine,dd_dtw_0.6,LinearSVC,0.5585
Wine,dd_dtw_0.8,LinearSVC,0.51344
Wine,dd_fdtw_0.4,LinearSVC,0.97273
Wine,dd_fdtw_0.6,LinearSVC,0.97273
Wine,dd_fdtw_0.8,LinearSVC,0.91028
Wine,dd_itakura_0.4,LinearSVC,0.61186
Wine,dd_itakura_0.6,LinearSVC,0.56759
Wine,dd_itakura_0.8,LinearSVC,0.51344
Wine,dd_sakoe_chiba_0.4,LinearSVC,0.61186
Wine,dd_sakoe_chiba_0.6,LinearSVC,0.5585
Wine,dd_sakoe_chiba_0.8,LinearSVC,0.51344
Wine,dd_dtw_0.4,KNeighborsClassifier,0.94664
Wine,dd_dtw_0.6,KNeighborsClassifier,0.95573
Wine,dd_dtw_0.8,KNeighborsClassifier,0.96482
Wine,dd_fdtw_0.4,KNeighborsClassifier,0.96482
Wine,dd_fdtw_0.6,KNeighborsClassifier,0.96482
Wine,dd_fdtw_0.8,KNeighborsClassifier,0.96482
Wine,dd_itakura_0.4,KNeighborsClassifier,0.94664
Wine,dd_itakura_0.6,KNeighborsClassifier,0.95573
Wine,dd_itakura_0.8,KNeighborsClassifier,0.96482
Wine,dd_sakoe_chiba_0.4,KNeighborsClassifier,0.94664
Wine,dd_sakoe_chiba_0.6,KNeighborsClassifier,0.95573
Wine,dd_sakoe_chiba_0.8,KNeighborsClassifier,0.96482
FaceFour,dd_dtw_0.4,LinearSVC,0.95534
FaceFour,dd_dtw_0.6,LinearSVC,0.95534
FaceFour,dd_dtw_0.8,LinearSVC,0.93715
FaceFour,dd_fdtw_0.4,LinearSVC,0.93755
FaceFour,dd_fdtw_0.6,LinearSVC,0.96443
FaceFour,dd_fdtw_0.8,LinearSVC,0.97352
FaceFour,dd_itakura_0.4,LinearSVC,0.95534
FaceFour,dd_itakura_0.6,LinearSVC,0.95534
FaceFour,dd_itakura_0.8,LinearSVC,0.93715
FaceFour,dd_sakoe_chiba_0.4,LinearSVC,0.95573
FaceFour,dd_sakoe_chiba_0.6,LinearSVC,0.95573
FaceFour,dd_sakoe_chiba_0.8,LinearSVC,0.94664
FaceFour,dd_dtw_0.4,KNeighborsClassifier,0.89289
FaceFour,dd_dtw_0.6,KNeighborsClassifier,0.86601
FaceFour,dd_dtw_0.8,KNeighborsClassifier,0.84822
FaceFour,dd_fdtw_0.4,KNeighborsClassifier,0.93794
FaceFour,dd_fdtw_0.6,KNeighborsClassifier,0.92885
FaceFour,dd_fdtw_0.8,KNeighborsClassifier,0.92885
FaceFour,dd_itakura_0.4,KNeighborsClassifier,0.8747
FaceFour,dd_itakura_0.6,KNeighborsClassifier,0.86601
FaceFour,dd_itakura_0.8,KNeighborsClassifier,0.84822
FaceFour,dd_sakoe_chiba_0.4,KNeighborsClassifier,0.89289
FaceFour,dd_sakoe_chiba_0.6,KNeighborsClassifier,0.8751
FaceFour,dd_sakoe_chiba_0.8,KNeighborsClassifier,0.85731
Car,dd_dtw_0.4,LinearSVC,0.725
Car,dd_dtw_0.6,LinearSVC,0.75
Car,dd_dtw_0.8,LinearSVC,0.775
Car,dd_fdtw_0.4,LinearSVC,0.7
Car,dd_fdtw_0.6,LinearSVC,0.8
Car,dd_fdtw_0.8,LinearSVC,0.875
Car,dd_itakura_0.4,LinearSVC,0.73333
Car,dd_itakura_0.6,LinearSVC,0.725
Car,dd_itakura_0.8,LinearSVC,0.75833
Car,dd_sakoe_chiba_0.4,LinearSVC,0.68333
Car,dd_sakoe_chiba_0.6,LinearSVC,0.71667
Car,dd_sakoe_chiba_0.8,LinearSVC,0.775
Car,dd_dtw_0.4,KNeighborsClassifier,0.70833
Car,dd_dtw_0.6,KNeighborsClassifier,0.73333
Car,dd_dtw_0.8,KNeighborsClassifier,0.73333
Car,dd_fdtw_0.4,KNeighborsClassifier,0.75833
Car,dd_fdtw_0.6,KNeighborsClassifier,0.825
Car,dd_fdtw_0.8,KNeighborsClassifier,0.85
Car,dd_itakura_0.4,KNeighborsClassifier,0.7
Car,dd_itakura_0.6,KNeighborsClassifier,0.725
Car,dd_itakura_0.8,KNeighborsClassifier,0.74167
Car,dd_sakoe_chiba_0.4,KNeighborsClassifier,0.725
Car,dd_sakoe_chiba_0.6,KNeighborsClassifier,0.74167
Car,dd_sakoe_chiba_0.8,KNeighborsClassifier,0.74167
Meat,dd_dtw_0.4,LinearSVC,0.96667
Meat,dd_dtw_0.6,LinearSVC,0.96667
Meat,dd_dtw_0.8,LinearSVC,0.925
Meat,dd_fdtw_0.4,LinearSVC,0.975
Meat,dd_fdtw_0.6,LinearSVC,0.98333
Meat,dd_fdtw_0.8,LinearSVC,0.98333
Meat,dd_itakura_0.4,LinearSVC,0.96667
Meat,dd_itakura_0.6,LinearSVC,0.96667
Meat,dd_itakura_0.8,LinearSVC,0.925
Meat,dd_sakoe_chiba_0.4,LinearSVC,0.96667
Meat,dd_sakoe_chiba_0.6,LinearSVC,0.96667
Meat,dd_sakoe_chiba_0.8,LinearSVC,0.925
Meat,dd_dtw_0.4,KNeighborsClassifier,0.95833
Meat,dd_dtw_0.6,KNeighborsClassifier,0.95
Meat,dd_dtw_0.8,KNeighborsClassifier,0.93333
Meat,dd_fdtw_0.4,KNeighborsClassifier,0.96667
Meat,dd_fdtw_0.6,KNeighborsClassifier,0.96667
Meat,dd_fdtw_0.8,KNeighborsClassifier,0.96667
Meat,dd_itakura_0.4,KNeighborsClassifier,0.95833
Meat,dd_itakura_0.6,KNeighborsClassifier,0.95
Meat,dd_itakura_0.8,KNeighborsClassifier,0.93333
Meat,dd_sakoe_chiba_0.4,KNeighborsClassifier,0.95833
Meat,dd_sakoe_chiba_0.6,KNeighborsClassifier,0.95
Meat,dd_sakoe_chiba_0.8,KNeighborsClassifier,0.93333
Lightning2,dd_dtw_0.4,LinearSVC,0.778
Lightning2,dd_dtw_0.6,LinearSVC,0.74567
Lightning2,dd_dtw_0.8,LinearSVC,0.71967
Lightning2,dd_fdtw_0.4,LinearSVC,0.70233
Lightning2,dd_fdtw_0.6,LinearSVC,0.70233
Lightning2,dd_fdtw_0.8,LinearSVC,0.70267
Lightning2,dd_itakura_0.4,LinearSVC,0.76967
Lightning2,dd_itakura_0.6,LinearSVC,0.778
Lightning2,dd_itakura_0.8,LinearSVC,0.74467
Lightning2,dd_sakoe_chiba_0.4,LinearSVC,0.73567
Lightning2,dd_sakoe_chiba_0.6,LinearSVC,0.68567
Lightning2,dd_sakoe_chiba_0.8,LinearSVC,0.752
Lightning2,dd_dtw_0.4,KNeighborsClassifier,0.88367
Lightning2,dd_dtw_0.6,KNeighborsClassifier,0.851
Lightning2,dd_dtw_0.8,KNeighborsClassifier,0.80967
Lightning2,dd_fdtw_0.4,KNeighborsClassifier,0.868
Lightning2,dd_fdtw_0.6,KNeighborsClassifier,0.85133
Lightning2,dd_fdtw_0.8,KNeighborsClassifier,0.80133
Lightning2,dd_itakura_0.4,KNeighborsClassifier,0.88367
Lightning2,dd_itakura_0.6,KNeighborsClassifier,0.851
Lightning2,dd_itakura_0.8,KNeighborsClassifier,0.80967
Lightning2,dd_sakoe_chiba_0.4,KNeighborsClassifier,0.86833
Lightning2,dd_sakoe_chiba_0.6,KNeighborsClassifier,0.85167
Lightning2,dd_sakoe_chiba_0.8,KNeighborsClassifier,0.81833
Herring,dd_dtw_0.4,LinearSVC,0.60892
Herring,dd_dtw_0.6,LinearSVC,0.62431
Herring,dd_dtw_0.8,LinearSVC,0.61692
Herring,dd_fdtw_0.4,LinearSVC,0.60123
Herring,dd_fdtw_0.6,LinearSVC,0.66338
Herring,dd_fdtw_0.8,LinearSVC,0.67846
Herring,dd_itakura_0.4,LinearSVC,0.63262
Herring,dd_itakura_0.6,LinearSVC,0.62462
Herring,dd_itakura_0.8,LinearSVC,0.63231
Herring,dd_sakoe_chiba_0.4,LinearSVC,0.60954
Herring,dd_sakoe_chiba_0.6,LinearSVC,0.61662
Herring,dd_sakoe_chiba_0.8,LinearSVC,0.61723
Herring,dd_dtw_0.4,KNeighborsClassifier,0.60154
Herring,dd_dtw_0.6,KNeighborsClassifier,0.57785
Herring,dd_dtw_0.8,KNeighborsClassifier,0.52431
Herring,dd_fdtw_0.4,KNeighborsClassifier,0.58615
Herring,dd_fdtw_0.6,KNeighborsClassifier,0.56277
Herring,dd_fdtw_0.8,KNeighborsClassifier,0.57938
Herring,dd_itakura_0.4,KNeighborsClassifier,0.59385
Herring,dd_itakura_0.6,KNeighborsClassifier,0.57785
Herring,dd_itakura_0.8,KNeighborsClassifier,0.532
Herring,dd_sakoe_chiba_0.4,KNeighborsClassifier,0.60154
Herring,dd_sakoe_chiba_0.6,KNeighborsClassifier,0.57785
Herring,dd_sakoe_chiba_0.8,KNeighborsClassifier,0.52431
Lightning7,dd_dtw_0.4,LinearSVC,0.80369
Lightning7,dd_dtw_0.6,LinearSVC,0.78227
Lightning7,dd_dtw_0.8,LinearSVC,0.7399
Lightning7,dd_fdtw_0.4,LinearSVC,0.78916
Lightning7,dd_fdtw_0.6,LinearSVC,0.8101
Lightning7,dd_fdtw_0.8,LinearSVC,0.8032
Lightning7,dd_itakura_0.4,LinearSVC,0.82414
Lightning7,dd_itakura_0.6,LinearSVC,0.83153
Lightning7,dd_itakura_0.8,LinearSVC,0.76108
Lightning7,dd_sakoe_chiba_0.4,LinearSVC,0.79655
Lightning7,dd_sakoe_chiba_0.6,LinearSVC,0.77586
Lightning7,dd_sakoe_chiba_0.8,LinearSVC,0.74778
Lightning7,dd_dtw_0.4,KNeighborsClassifier,0.7064
Lightning7,dd_dtw_0.6,KNeighborsClassifier,0.67143
Lightning7,dd_dtw_0.8,KNeighborsClassifier,0.60197
Lightning7,dd_fdtw_0.4,KNeighborsClassifier,0.74064
Lightning7,dd_fdtw_0.6,KNeighborsClassifier,0.75468
Lightning7,dd_fdtw_0.8,KNeighborsClassifier,0.7335
Lightning7,dd_itakura_0.4,KNeighborsClassifier,0.7064
Lightning7,dd_itakura_0.6,KNeighborsClassifier,0.67143
Lightning7,dd_itakura_0.8,KNeighborsClassifier,0.60172
Lightning7,dd_sakoe_chiba_0.4,KNeighborsClassifier,0.80369
Lightning7,dd_sakoe_chiba_0.6,KNeighborsClassifier,0.79631
Lightning7,dd_sakoe_chiba_0.8,KNeighborsClassifier,0.71995
ToeSegmentation2,dd_dtw_0.4,LinearSVC,0.86756
ToeSegmentation2,dd_dtw_0.6,LinearSVC,0.8795
ToeSegmentation2,dd_dtw_0.8,LinearSVC,0.89715
ToeSegmentation2,dd_fdtw_0.4,LinearSVC,0.87932
ToeSegmentation2,dd_fdtw_0.6,LinearSVC,0.87932
ToeSegmentation2,dd_fdtw_0.8,LinearSVC,0.89109
ToeSegmentation2,dd_itakura_0.4,LinearSVC,0.8615
ToeSegmentation2,dd_itakura_0.6,LinearSVC,0.8795
ToeSegmentation2,dd_itakura_0.8,LinearSVC,0.89715
ToeSegmentation2,dd_sakoe_chiba_0.4,LinearSVC,0.86185
ToeSegmentation2,dd_sakoe_chiba_0.6,LinearSVC,0.86756
ToeSegmentation2,dd_sakoe_chiba_0.8,LinearSVC,0.87344
ToeSegmentation2,dd_dtw_0.4,KNeighborsClassifier,0.83102
ToeSegmentation2,dd_dtw_0.6,KNeighborsClassifier,0.85508
ToeSegmentation2,dd_dtw_0.8,KNeighborsClassifier,0.87308
ToeSegmentation2,dd_fdtw_0.4,KNeighborsClassifier,0.89733
ToeSegmentation2,dd_fdtw_0.6,KNeighborsClassifier,0.88538
ToeSegmentation2,dd_fdtw_0.8,KNeighborsClassifier,0.88538
ToeSegmentation2,dd_itakura_0.4,KNeighborsClassifier,0.84296
ToeSegmentation2,dd_itakura_0.6,KNeighborsClassifier,0.8672
ToeSegmentation2,dd_itakura_0.8,KNeighborsClassifier,0.87308
ToeSegmentation2,dd_sakoe_chiba_0.4,KNeighborsClassifier,0.89127
ToeSegmentation2,dd_sakoe_chiba_0.6,KNeighborsClassifier,0.89715
ToeSegmentation2,dd_sakoe_chiba_0.8,KNeighborsClassifier,0.90909
UMD,dd_dtw_0.4,LinearSVC,0.99444
UMD,dd_dtw_0.6,LinearSVC,0.99444
UMD,dd_dtw_0.8,LinearSVC,0.99444
UMD,dd_fdtw_0.4,LinearSVC,0.96667
UMD,dd_fdtw_0.6,LinearSVC,0.97222
UMD,dd_fdtw_0.8,LinearSVC,0.98889
UMD,dd_itakura_0.4,LinearSVC,0.99444
UMD,dd_itakura_0.6,LinearSVC,0.99444
UMD,dd_itakura_0.8,LinearSVC,0.99444
UMD,dd_sakoe_chiba_0.4,LinearSVC,0.95
UMD,dd_sakoe_chiba_0.6,LinearSVC,0.97222
UMD,dd_sakoe_chiba_0.8,LinearSVC,0.99444
UMD,dd_dtw_0.4,KNeighborsClassifier,0.97222
UMD,dd_dtw_0.6,KNeighborsClassifier,0.97222
UMD,dd_dtw_0.8,KNeighborsClassifier,0.96667
UMD,dd_fdtw_0.4,KNeighborsClassifier,0.98889
UMD,dd_fdtw_0.6,KNeighborsClassifier,0.98889
UMD,dd_fdtw_0.8,KNeighborsClassifier,0.98889
UMD,dd_itakura_0.4,KNeighborsClassifier,0.97222
UMD,dd_itakura_0.6,KNeighborsClassifier,0.97222
UMD,dd_itakura_0.8,KNeighborsClassifier,0.96667
UMD,dd_sakoe_chiba_0.4,KNeighborsClassifier,0.98889
UMD,dd_sakoe_chiba_0.6,KNeighborsClassifier,0.99444
UMD,dd_sakoe_chiba_0.8,KNeighborsClassifier,0.99444
BME,dd_dtw_0.4,LinearSVC,0.98889
BME,dd_dtw_0.6,LinearSVC,0.99444
BME,dd_dtw_0.8,LinearSVC,0.99444
BME,dd_fdtw_0.4,LinearSVC,0.99444
BME,dd_fdtw_0.6,LinearSVC,0.99444
BME,dd_fdtw_0.8,LinearSVC,1
BME,dd_itakura_0.4,LinearSVC,0.99444
BME,dd_itakura_0.6,LinearSVC,0.99444
BME,dd_itakura_0.8,LinearSVC,0.99444
BME,dd_sakoe_chiba_0.4,LinearSVC,0.91667
BME,dd_sakoe_chiba_0.6,LinearSVC,1
BME,dd_sakoe_chiba_0.8,LinearSVC,0.93333
BME,dd_dtw_0.4,KNeighborsClassifier,0.93889
BME,dd_dtw_0.6,KNeighborsClassifier,0.96111
BME,dd_dtw_0.8,KNeighborsClassifier,0.98333
BME,dd_fdtw_0.4,KNeighborsClassifier,0.99444
BME,dd_fdtw_0.6,KNeighborsClassifier,0.99444
BME,dd_fdtw_0.8,KNeighborsClassifier,1
BME,dd_itakura_0.4,KNeighborsClassifier,0.93889
BME,dd_itakura_0.6,KNeighborsClassifier,0.97222
BME,dd_itakura_0.8,KNeighborsClassifier,0.98333
BME,dd_sakoe_chiba_0.4,KNeighborsClassifier,0.99444
BME,dd_sakoe_chiba_0.6,KNeighborsClassifier,0.99444
BME,dd_sakoe_chiba_0.8,KNeighborsClassifier,1
Trace,dd_dtw_0.4,LinearSVC,1
Trace,dd_dtw_0.6,LinearSVC,1
Trace,dd_dtw_0.8,LinearSVC,0.96
Trace,dd_fdtw_0.4,LinearSVC,1
Trace,dd_fdtw_0.6,LinearSVC,1
Trace,dd_fdtw_0.8,LinearSVC,1
Trace,dd_itakura_0.4,LinearSVC,1
Trace,dd_itakura_0.6,LinearSVC,1
Trace,dd_itakura_0.8,LinearSVC,0.895
Trace,dd_sakoe_chiba_0.4,LinearSVC,0.98
Trace,dd_sakoe_chiba_0.6,LinearSVC,1
Trace,dd_sakoe_chiba_0.8,LinearSVC,0.995
Trace,dd_dtw_0.4,KNeighborsClassifier,1
Trace,dd_dtw_0.6,KNeighborsClassifier,1
Trace,dd_dtw_0.8,KNeighborsClassifier,1
Trace,dd_fdtw_0.4,KNeighborsClassifier,0.995
Trace,dd_fdtw_0.6,KNeighborsClassifier,0.995
Trace,dd_fdtw_0.8,KNeighborsClassifier,0.995
Trace,dd_itakura_0.4,KNeighborsClassifier,1
Trace,dd_itakura_0.6,KNeighborsClassifier,1
Trace,dd_itakura_0.8,KNeighborsClassifier,1
Trace,dd_sakoe_chiba_0.4,KNeighborsClassifier,1
Trace,dd_sakoe_chiba_0.6,KNeighborsClassifier,1
Trace,dd_sakoe_chiba_0.8,KNeighborsClassifier,1
ShapeletSim,dd_dtw_0.4,LinearSVC,0.9
ShapeletSim,dd_dtw_0.6,LinearSVC,0.86
ShapeletSim,dd_dtw_0.8,LinearSVC,0.85
ShapeletSim,dd_fdtw_0.4,LinearSVC,0.805
ShapeletSim,dd_fdtw_0.6,LinearSVC,0.76
ShapeletSim,dd_fdtw_0.8,LinearSVC,0.725
ShapeletSim,dd_itakura_0.4,LinearSVC,0.91
ShapeletSim,dd_itakura_0.6,LinearSVC,0.89
ShapeletSim,dd_itakura_0.8,LinearSVC,0.865
ShapeletSim,dd_sakoe_chiba_0.4,LinearSVC,0.85
ShapeletSim,dd_sakoe_chiba_0.6,LinearSVC,0.835
ShapeletSim,dd_sakoe_chiba_0.8,LinearSVC,0.795
ShapeletSim,dd_dtw_0.4,KNeighborsClassifier,0.605
ShapeletSim,dd_dtw_0.6,KNeighborsClassifier,0.605
ShapeletSim,dd_dtw_0.8,KNeighborsClassifier,0.59
ShapeletSim,dd_fdtw_0.4,KNeighborsClassifier,0.815
ShapeletSim,dd_fdtw_0.6,KNeighborsClassifier,0.775
ShapeletSim,dd_fdtw_0.8,KNeighborsClassifier,0.745
ShapeletSim,dd_itakura_0.4,KNeighborsClassifier,0.635
ShapeletSim,dd_itakura_0.6,KNeighborsClassifier,0.595
ShapeletSim,dd_itakura_0.8,KNeighborsClassifier,0.59
ShapeletSim,dd_sakoe_chiba_0.4,KNeighborsClassifier,0.625
ShapeletSim,dd_sakoe_chiba_0.6,KNeighborsClassifier,0.615
ShapeletSim,dd_sakoe_chiba_0.8,KNeighborsClassifier,0.6
ECG200,dd_dtw_0.4,LinearSVC,0.87
ECG200,dd_dtw_0.6,LinearSVC,0.86
ECG200,dd_dtw_0.8,LinearSVC,0.87
ECG200,dd_fdtw_0.4,LinearSVC,0.875
ECG200,dd_fdtw_0.6,LinearSVC,0.885
ECG200,dd_fdtw_0.8,LinearSVC,0.89
ECG200,dd_itakura_0.4,LinearSVC,0.86
ECG200,dd_itakura_0.6,LinearSVC,0.845
ECG200,dd_itakura_0.8,LinearSVC,0.84
ECG200,dd_sakoe_chiba_0.4,LinearSVC,0.875
ECG200,dd_sakoe_chiba_0.6,LinearSVC,0.875
ECG200,dd_sakoe_chiba_0.8,LinearSVC,0.86
ECG200,dd_dtw_0.4,KNeighborsClassifier,0.87
ECG200,dd_dtw_0.6,KNeighborsClassifier,0.865
ECG200,dd_dtw_0.8,KNeighborsClassifier,0.86
ECG200,dd_fdtw_0.4,KNeighborsClassifier,0.845
ECG200,dd_fdtw_0.6,KNeighborsClassifier,0.865
ECG200,dd_fdtw_0.8,KNeighborsClassifier,0.87
ECG200,dd_itakura_0.4,KNeighborsClassifier,0.845
ECG200,dd_itakura_0.6,KNeighborsClassifier,0.84
ECG200,dd_itakura_0.8,KNeighborsClassifier,0.86
ECG200,dd_sakoe_chiba_0.4,KNeighborsClassifier,0.855
ECG200,dd_sakoe_chiba_0.6,KNeighborsClassifier,0.855
ECG200,dd_sakoe_chiba_0.8,KNeighborsClassifier,0.84
GunPoint,dd_dtw_0.4,LinearSVC,0.925
GunPoint,dd_dtw_0.6,LinearSVC,0.96
GunPoint,dd_dtw_0.8,LinearSVC,0.975
GunPoint,dd_fdtw_0.4,LinearSVC,0.96
GunPoint,dd_fdtw_0.6,LinearSVC,0.965
GunPoint,dd_fdtw_0.8,LinearSVC,0.985
GunPoint,dd_itakura_0.4,LinearSVC,0.96
GunPoint,dd_itakura_0.6,LinearSVC,0.95
GunPoint,dd_itakura_0.8,LinearSVC,0.98
GunPoint,dd_sakoe_chiba_0.4,LinearSVC,0.985
GunPoint,dd_sakoe_chiba_0.6,LinearSVC,0.985
GunPoint,dd_sakoe_chiba_0.8,LinearSVC,0.985
GunPoint,dd_dtw_0.4,KNeighborsClassifier,0.97
GunPoint,dd_dtw_0.6,KNeighborsClassifier,0.985
GunPoint,dd_dtw_0.8,KNeighborsClassifier,0.995
GunPoint,dd_fdtw_0.4,KNeighborsClassifier,0.985
GunPoint,dd_fdtw_0.6,KNeighborsClassifier,1
GunPoint,dd_fdtw_0.8,KNeighborsClassifier,1
GunPoint,dd_itakura_0.4,KNeighborsClassifier,0.96
GunPoint,dd_itakura_0.6,KNeighborsClassifier,0.98
GunPoint,dd_itakura_0.8,KNeighborsClassifier,0.99
GunPoint,dd_sakoe_chiba_0.4,KNeighborsClassifier,0.99
GunPoint,dd_sakoe_chiba_0.6,KNeighborsClassifier,0.99
GunPoint,dd_sakoe_chiba_0.8,KNeighborsClassifier,0.995
Fungi,dd_dtw_0.4,LinearSVC,0.92171
Fungi,dd_dtw_0.6,LinearSVC,0.96098
Fungi,dd_dtw_0.8,LinearSVC,0.98037
Fungi,dd_fdtw_0.4,LinearSVC,0.94634
Fungi,dd_fdtw_0.6,LinearSVC,0.98049
Fungi,dd_fdtw_0.8,LinearSVC,0.99024
Fungi,dd_itakura_0.4,LinearSVC,0.92159
Fungi,dd_itakura_0.6,LinearSVC,0.97061
Fungi,dd_itakura_0.8,LinearSVC,0.98049
Fungi,dd_sakoe_chiba_0.4,LinearSVC,0.53024
Fungi,dd_sakoe_chiba_0.6,LinearSVC,0.55463
Fungi,dd_sakoe_chiba_0.8,LinearSVC,0.80939
Fungi,dd_dtw_0.4,KNeighborsClassifier,0.98537
Fungi,dd_dtw_0.6,KNeighborsClassifier,0.98537
Fungi,dd_dtw_0.8,KNeighborsClassifier,0.98049
Fungi,dd_fdtw_0.4,KNeighborsClassifier,0.99512
Fungi,dd_fdtw_0.6,KNeighborsClassifier,1
Fungi,dd_fdtw_0.8,KNeighborsClassifier,1
Fungi,dd_itakura_0.4,KNeighborsClassifier,0.98537
Fungi,dd_itakura_0.6,KNeighborsClassifier,0.98537
Fungi,dd_itakura_0.8,KNeighborsClassifier,0.98049
Fungi,dd_sakoe_chiba_0.4,KNeighborsClassifier,0.99024
Fungi,dd_sakoe_chiba_0.6,KNeighborsClassifier,0.99024
Fungi,dd_sakoe_chiba_0.8,KNeighborsClassifier,0.99512
Plane,dd_dtw_0.4,LinearSVC,1
Plane,dd_dtw_0.6,LinearSVC,1
Plane,dd_dtw_0.8,LinearSVC,1
Plane,dd_fdtw_0.4,LinearSVC,1
Plane,dd_fdtw_0.6,LinearSVC,1
Plane,dd_fdtw_0.8,LinearSVC,1
Plane,dd_itakura_0.4,LinearSVC,1
Plane,dd_itakura_0.6,LinearSVC,1
Plane,dd_itakura_0.8,LinearSVC,1
Plane,dd_sakoe_chiba_0.4,LinearSVC,1
Plane,dd_sakoe_chiba_0.6,LinearSVC,1
Plane,dd_sakoe_chiba_0.8,LinearSVC,1
Plane,dd_dtw_0.4,KNeighborsClassifier,1
Plane,dd_dtw_0.6,KNeighborsClassifier,1
Plane,dd_dtw_0.8,KNeighborsClassifier,1
Plane,dd_fdtw_0.4,KNeighborsClassifier,1
Plane,dd_fdtw_0.6,KNeighborsClassifier,1
Plane,dd_fdtw_0.8,KNeighborsClassifier,1
Plane,dd_itakura_0.4,KNeighborsClassifier,1
Plane,dd_itakura_0.6,KNeighborsClassifier,1
Plane,dd_itakura_0.8,KNeighborsClassifier,1
Plane,dd_sakoe_chiba_0.4,KNeighborsClassifier,1
Plane,dd_sakoe_chiba_0.6,KNeighborsClassifier,1
Plane,dd_sakoe_chiba_0.8,KNeighborsClassifier,1
ArrowHead,dd_dtw_0.4,LinearSVC,0.82458
ArrowHead,dd_dtw_0.6,LinearSVC,0.85736
ArrowHead,dd_dtw_0.8,LinearSVC,0.9144
ArrowHead,dd_fdtw_0.4,LinearSVC,0.8196
ArrowHead,dd_fdtw_0.6,LinearSVC,0.87641
ArrowHead,dd_fdtw_0.8,LinearSVC,0.89546
ArrowHead,dd_itakura_0.4,LinearSVC,0.8103
ArrowHead,dd_itakura_0.6,LinearSVC,0.86224
ArrowHead,dd_itakura_0.8,LinearSVC,0.9144
ArrowHead,dd_sakoe_chiba_0.4,LinearSVC,0.82924
ArrowHead,dd_sakoe_chiba_0.6,LinearSVC,0.87685
ArrowHead,dd_sakoe_chiba_0.8,LinearSVC,0.91938
ArrowHead,dd_dtw_0.4,KNeighborsClassifier,0.77674
ArrowHead,dd_dtw_0.6,KNeighborsClassifier,0.82901
ArrowHead,dd_dtw_0.8,KNeighborsClassifier,0.8814
ArrowHead,dd_fdtw_0.4,KNeighborsClassifier,0.83854
ArrowHead,dd_fdtw_0.6,KNeighborsClassifier,0.87187
ArrowHead,dd_fdtw_0.8,KNeighborsClassifier,0.88616
ArrowHead,dd_itakura_0.4,KNeighborsClassifier,0.78627
ArrowHead,dd_itakura_0.6,KNeighborsClassifier,0.83378
ArrowHead,dd_itakura_0.8,KNeighborsClassifier,0.8814
ArrowHead,dd_sakoe_chiba_0.4,KNeighborsClassifier,0.79103
ArrowHead,dd_sakoe_chiba_0.6,KNeighborsClassifier,0.83854
ArrowHead,dd_sakoe_chiba_0.8,KNeighborsClassifier,0.87663
Ham,dd_dtw_0.4,LinearSVC,0.76622
Ham,dd_dtw_0.6,LinearSVC,0.75238
Ham,dd_dtw_0.8,LinearSVC,0.73367
Ham,dd_fdtw_0.4,LinearSVC,0.73378
Ham,dd_fdtw_0.6,LinearSVC,0.76179
Ham,dd_fdtw_0.8,LinearSVC,0.78505
Ham,dd_itakura_0.4,LinearSVC,0.70509
Ham,dd_itakura_0.6,LinearSVC,0.76667
Ham,dd_itakura_0.8,LinearSVC,0.7433
Ham,dd_sakoe_chiba_0.4,LinearSVC,0.78992
Ham,dd_sakoe_chiba_0.6,LinearSVC,0.79457
Ham,dd_sakoe_chiba_0.8,LinearSVC,0.79435
Ham,dd_dtw_0.4,KNeighborsClassifier,0.67276
Ham,dd_dtw_0.6,KNeighborsClassifier,0.67287
Ham,dd_dtw_0.8,KNeighborsClassifier,0.67287
Ham,dd_fdtw_0.4,KNeighborsClassifier,0.75714
Ham,dd_fdtw_0.6,KNeighborsClassifier,0.75227
Ham,dd_fdtw_0.8,KNeighborsClassifier,0.74319
Ham,dd_itakura_0.4,KNeighborsClassifier,0.67752
Ham,dd_itakura_0.6,KNeighborsClassifier,0.67287
Ham,dd_itakura_0.8,KNeighborsClassifier,0.67287
Ham,dd_sakoe_chiba_0.4,KNeighborsClassifier,0.67752
Ham,dd_sakoe_chiba_0.6,KNeighborsClassifier,0.68228
Ham,dd_sakoe_chiba_0.8,KNeighborsClassifier,0.67287
ToeSegmentation1,dd_dtw_0.4,LinearSVC,0.90671
ToeSegmentation1,dd_dtw_0.6,LinearSVC,0.91055
ToeSegmentation1,dd_dtw_0.8,LinearSVC,0.92173
ToeSegmentation1,dd_fdtw_0.4,LinearSVC,0.9478
ToeSegmentation1,dd_fdtw_0.6,LinearSVC,0.95521
ToeSegmentation1,dd_fdtw_0.8,LinearSVC,0.95898
ToeSegmentation1,dd_itakura_0.4,LinearSVC,0.88456
ToeSegmentation1,dd_itakura_0.6,LinearSVC,0.89182
ToeSegmentation1,dd_itakura_0.8,LinearSVC,0.91796
ToeSegmentation1,dd_sakoe_chiba_0.4,LinearSVC,0.89944
ToeSegmentation1,dd_sakoe_chiba_0.6,LinearSVC,0.9144
ToeSegmentation1,dd_sakoe_chiba_0.8,LinearSVC,0.92921
ToeSegmentation1,dd_dtw_0.4,KNeighborsClassifier,0.83571
ToeSegmentation1,dd_dtw_0.6,KNeighborsClassifier,0.83962
ToeSegmentation1,dd_dtw_0.8,KNeighborsClassifier,0.8508
ToeSegmentation1,dd_fdtw_0.4,KNeighborsClassifier,0.86191
ToeSegmentation1,dd_fdtw_0.6,KNeighborsClassifier,0.87666
ToeSegmentation1,dd_fdtw_0.8,KNeighborsClassifier,0.858
ToeSegmentation1,dd_itakura_0.4,KNeighborsClassifier,0.82453
ToeSegmentation1,dd_itakura_0.6,KNeighborsClassifier,0.82851
ToeSegmentation1,dd_itakura_0.8,KNeighborsClassifier,0.85451
ToeSegmentation1,dd_sakoe_chiba_0.4,KNeighborsClassifier,0.83599
ToeSegmentation1,dd_sakoe_chiba_0.6,KNeighborsClassifier,0.83592
ToeSegmentation1,dd_sakoe_chiba_0.8,KNeighborsClassifier,0.85821
SmoothSubspace,dd_dtw_0.4,LinearSVC,0.98667
SmoothSubspace,dd_dtw_0.6,LinearSVC,0.97667
SmoothSubspace,dd_dtw_0.8,LinearSVC,0.94667
SmoothSubspace,dd_fdtw_0.4,LinearSVC,1
SmoothSubspace,dd_fdtw_0.6,LinearSVC,1
SmoothSubspace,dd_fdtw_0.8,LinearSVC,0.97667
SmoothSubspace,dd_itakura_0.4,LinearSVC,0.97667
SmoothSubspace,dd_itakura_0.6,LinearSVC,0.97667
SmoothSubspace,dd_itakura_0.8,LinearSVC,0.96667
SmoothSubspace,dd_sakoe_chiba_0.4,LinearSVC,0.98333
SmoothSubspace,dd_sakoe_chiba_0.6,LinearSVC,0.98
SmoothSubspace,dd_sakoe_chiba_0.8,LinearSVC,0.96667
SmoothSubspace,dd_dtw_0.4,KNeighborsClassifier,0.88
SmoothSubspace,dd_dtw_0.6,KNeighborsClassifier,0.85333
SmoothSubspace,dd_dtw_0.8,KNeighborsClassifier,0.81667
SmoothSubspace,dd_fdtw_0.4,KNeighborsClassifier,0.95667
SmoothSubspace,dd_fdtw_0.6,KNeighborsClassifier,0.95
SmoothSubspace,dd_fdtw_0.8,KNeighborsClassifier,0.91
SmoothSubspace,dd_itakura_0.4,KNeighborsClassifier,0.92333
SmoothSubspace,dd_itakura_0.6,KNeighborsClassifier,0.89333
SmoothSubspace,dd_itakura_0.8,KNeighborsClassifier,0.85667
SmoothSubspace,dd_sakoe_chiba_0.4,KNeighborsClassifier,0.95333
SmoothSubspace,dd_sakoe_chiba_0.6,KNeighborsClassifier,0.94333
SmoothSubspace,dd_sakoe_chiba_0.8,KNeighborsClassifier,0.91667
PowerCons,dd_dtw_0.4,LinearSVC,0.96389
PowerCons,dd_dtw_0.6,LinearSVC,0.96111
PowerCons,dd_dtw_0.8,LinearSVC,0.95278
PowerCons,dd_fdtw_0.4,LinearSVC,0.96944
PowerCons,dd_fdtw_0.6,LinearSVC,0.97222
PowerCons,dd_fdtw_0.8,LinearSVC,0.96944
PowerCons,dd_itakura_0.4,LinearSVC,0.96667
PowerCons,dd_itakura_0.6,LinearSVC,0.96667
PowerCons,dd_itakura_0.8,LinearSVC,0.95833
PowerCons,dd_sakoe_chiba_0.4,LinearSVC,1
PowerCons,dd_sakoe_chiba_0.6,LinearSVC,0.99444
PowerCons,dd_sakoe_chiba_0.8,LinearSVC,0.98611
PowerCons,dd_dtw_0.4,KNeighborsClassifier,0.93889
PowerCons,dd_dtw_0.6,KNeighborsClassifier,0.93611
PowerCons,dd_dtw_0.8,KNeighborsClassifier,0.90278
PowerCons,dd_fdtw_0.4,KNeighborsClassifier,0.94444
PowerCons,dd_fdtw_0.6,KNeighborsClassifier,0.93611
PowerCons,dd_fdtw_0.8,KNeighborsClassifier,0.93056
PowerCons,dd_itakura_0.4,KNeighborsClassifier,0.94167
PowerCons,dd_itakura_0.6,KNeighborsClassifier,0.92778
PowerCons,dd_itakura_0.8,KNeighborsClassifier,0.90278
PowerCons,dd_sakoe_chiba_0.4,KNeighborsClassifier,0.96111
PowerCons,dd_sakoe_chiba_0.6,KNeighborsClassifier,0.95
PowerCons,dd_sakoe_chiba_0.8,KNeighborsClassifier,0.93056
Chinatown,dd_dtw_0.4,LinearSVC,0.96963
Chinatown,dd_dtw_0.6,LinearSVC,0.96686
Chinatown,dd_dtw_0.8,LinearSVC,0.96419
Chinatown,dd_fdtw_0.4,LinearSVC,0.97241
Chinatown,dd_fdtw_0.6,LinearSVC,0.97519
Chinatown,dd_fdtw_0.8,LinearSVC,0.97519
Chinatown,dd_itakura_0.4,LinearSVC,0.98067
Chinatown,dd_itakura_0.6,LinearSVC,0.98345
Chinatown,dd_itakura_0.8,LinearSVC,0.96963
Chinatown,dd_sakoe_chiba_0.4,LinearSVC,0.97245
Chinatown,dd_sakoe_chiba_0.6,LinearSVC,0.96693
Chinatown,dd_sakoe_chiba_0.8,LinearSVC,0.96967
Chinatown,dd_dtw_0.4,KNeighborsClassifier,0.96416
Chinatown,dd_dtw_0.6,KNeighborsClassifier,0.95586
Chinatown,dd_dtw_0.8,KNeighborsClassifier,0.95038
Chinatown,dd_fdtw_0.4,KNeighborsClassifier,0.96138
Chinatown,dd_fdtw_0.6,KNeighborsClassifier,0.96134
Chinatown,dd_fdtw_0.8,KNeighborsClassifier,0.94753
Chinatown,dd_itakura_0.4,KNeighborsClassifier,0.95868
Chinatown,dd_itakura_0.6,KNeighborsClassifier,0.96142
Chinatown,dd_itakura_0.8,KNeighborsClassifier,0.95312
Chinatown,dd_sakoe_chiba_0.4,KNeighborsClassifier,0.96416
Chinatown,dd_sakoe_chiba_0.6,KNeighborsClassifier,0.95864
Chinatown,dd_sakoe_chiba_0.8,KNeighborsClassifier,0.94486
GunPointMaleVersusFemale,dd_dtw_0.4,LinearSVC,0.90689
GunPointMaleVersusFemale,dd_dtw_0.6,LinearSVC,0.9356
GunPointMaleVersusFemale,dd_dtw_0.8,LinearSVC,0.97348
GunPointMaleVersusFemale,dd_fdtw_0.4,LinearSVC,0.98454
GunPointMaleVersusFemale,dd_fdtw_0.6,LinearSVC,0.99778
GunPointMaleVersusFemale,dd_fdtw_0.8,LinearSVC,0.99556
GunPointMaleVersusFemale,dd_itakura_0.4,LinearSVC,0.94234
GunPointMaleVersusFemale,dd_itakura_0.6,LinearSVC,0.95792
GunPointMaleVersusFemale,dd_itakura_0.8,LinearSVC,0.98891
GunPointMaleVersusFemale,dd_sakoe_chiba_0.4,LinearSVC,1
GunPointMaleVersusFemale,dd_sakoe_chiba_0.6,LinearSVC,1
GunPointMaleVersusFemale,dd_sakoe_chiba_0.8,LinearSVC,1
GunPointMaleVersusFemale,dd_dtw_0.4,KNeighborsClassifier,0.99111
GunPointMaleVersusFemale,dd_dtw_0.6,KNeighborsClassifier,0.99111
GunPointMaleVersusFemale,dd_dtw_0.8,KNeighborsClassifier,0.99333
GunPointMaleVersusFemale,dd_fdtw_0.4,KNeighborsClassifier,0.98891
GunPointMaleVersusFemale,dd_fdtw_0.6,KNeighborsClassifier,0.99333
GunPointMaleVersusFemale,dd_fdtw_0.8,KNeighborsClassifier,1
GunPointMaleVersusFemale,dd_itakura_0.4,KNeighborsClassifier,0.98669
GunPointMaleVersusFemale,dd_itakura_0.6,KNeighborsClassifier,0.99111
GunPointMaleVersusFemale,dd_itakura_0.8,KNeighborsClassifier,0.99556
GunPointMaleVersusFemale,dd_sakoe_chiba_0.4,KNeighborsClassifier,1
GunPointMaleVersusFemale,dd_sakoe_chiba_0.6,KNeighborsClassifier,1
GunPointMaleVersusFemale,dd_sakoe_chiba_0.8,KNeighborsClassifier,0.99778
GunPointAgeSpan,dd_dtw_0.4,LinearSVC,0.97114
GunPointAgeSpan,dd_dtw_0.6,LinearSVC,0.95368
GunPointAgeSpan,dd_dtw_0.8,LinearSVC,0.97785
GunPointAgeSpan,dd_fdtw_0.4,LinearSVC,0.96454
GunPointAgeSpan,dd_fdtw_0.6,LinearSVC,0.96232
GunPointAgeSpan,dd_fdtw_0.8,LinearSVC,0.96672
GunPointAgeSpan,dd_itakura_0.4,LinearSVC,0.9581
GunPointAgeSpan,dd_itakura_0.6,LinearSVC,0.96234
GunPointAgeSpan,dd_itakura_0.8,LinearSVC,0.95114
GunPointAgeSpan,dd_sakoe_chiba_0.4,LinearSVC,0.94015
GunPointAgeSpan,dd_sakoe_chiba_0.6,LinearSVC,0.97563
GunPointAgeSpan,dd_sakoe_chiba_0.8,LinearSVC,0.98005
GunPointAgeSpan,dd_dtw_0.4,KNeighborsClassifier,0.99556
GunPointAgeSpan,dd_dtw_0.6,KNeighborsClassifier,0.99778
GunPointAgeSpan,dd_dtw_0.8,KNeighborsClassifier,0.99558
GunPointAgeSpan,dd_fdtw_0.4,KNeighborsClassifier,0.99778
GunPointAgeSpan,dd_fdtw_0.6,KNeighborsClassifier,0.99778
GunPointAgeSpan,dd_fdtw_0.8,KNeighborsClassifier,0.99778
GunPointAgeSpan,dd_itakura_0.4,KNeighborsClassifier,0.99556
GunPointAgeSpan,dd_itakura_0.6,KNeighborsClassifier,0.99778
GunPointAgeSpan,dd_itakura_0.8,KNeighborsClassifier,0.99336
GunPointAgeSpan,dd_sakoe_chiba_0.4,KNeighborsClassifier,0.99778
GunPointAgeSpan,dd_sakoe_chiba_0.6,KNeighborsClassifier,0.99778
GunPointAgeSpan,dd_sakoe_chiba_0.8,KNeighborsClassifier,0.99558
GunPointOldVersusYoung,dd_dtw_0.4,LinearSVC,1
GunPointOldVersusYoung,dd_dtw_0.6,LinearSVC,1
GunPointOldVersusYoung,dd_dtw_0.8,LinearSVC,1
GunPointOldVersusYoung,dd_fdtw_0.4,LinearSVC,1
GunPointOldVersusYoung,dd_fdtw_0.6,LinearSVC,1
GunPointOldVersusYoung,dd_fdtw_0.8,LinearSVC,1
GunPointOldVersusYoung,dd_itakura_0.4,LinearSVC,1
GunPointOldVersusYoung,dd_itakura_0.6,LinearSVC,1
GunPointOldVersusYoung,dd_itakura_0.8,LinearSVC,1
GunPointOldVersusYoung,dd_sakoe_chiba_0.4,LinearSVC,1
GunPointOldVersusYoung,dd_sakoe_chiba_0.6,LinearSVC,1
GunPointOldVersusYoung,dd_sakoe_chiba_0.8,LinearSVC,1
GunPointOldVersusYoung,dd_dtw_0.4,KNeighborsClassifier,1
GunPointOldVersusYoung,dd_dtw_0.6,KNeighborsClassifier,1
GunPointOldVersusYoung,dd_dtw_0.8,KNeighborsClassifier,1
GunPointOldVersusYoung,dd_fdtw_0.4,KNeighborsClassifier,1
GunPointOldVersusYoung,dd_fdtw_0.6,KNeighborsClassifier,1
GunPointOldVersusYoung,dd_fdtw_0.8,KNeighborsClassifier,1
GunPointOldVersusYoung,dd_itakura_0.4,KNeighborsClassifier,1
GunPointOldVersusYoung,dd_itakura_0.6,KNeighborsClassifier,1
GunPointOldVersusYoung,dd_itakura_0.8,KNeighborsClassifier,1
GunPointOldVersusYoung,dd_sakoe_chiba_0.4,KNeighborsClassifier,1
GunPointOldVersusYoung,dd_sakoe_chiba_0.6,KNeighborsClassifier,1
GunPointOldVersusYoung,dd_sakoe_chiba_0.8,KNeighborsClassifier,1
DistalPhalanxOutlineAgeGroup,dd_dtw_0.4,LinearSVC,0.81267
DistalPhalanxOutlineAgeGroup,dd_dtw_0.6,LinearSVC,0.81092
DistalPhalanxOutlineAgeGroup,dd_dtw_0.8,LinearSVC,0.80897
DistalPhalanxOutlineAgeGroup,dd_fdtw_0.4,LinearSVC,0.80715
DistalPhalanxOutlineAgeGroup,dd_fdtw_0.6,LinearSVC,0.81824
DistalPhalanxOutlineAgeGroup,dd_fdtw_0.8,LinearSVC,0.80898
DistalPhalanxOutlineAgeGroup,dd_itakura_0.4,LinearSVC,0.81267
DistalPhalanxOutlineAgeGroup,dd_itakura_0.6,LinearSVC,0.783
DistalPhalanxOutlineAgeGroup,dd_itakura_0.8,LinearSVC,0.81637
DistalPhalanxOutlineAgeGroup,dd_sakoe_chiba_0.4,LinearSVC,0.796
DistalPhalanxOutlineAgeGroup,dd_sakoe_chiba_0.6,LinearSVC,0.80533
DistalPhalanxOutlineAgeGroup,dd_sakoe_chiba_0.8,LinearSVC,0.81267
DistalPhalanxOutlineAgeGroup,dd_dtw_0.4,KNeighborsClassifier,0.77368
DistalPhalanxOutlineAgeGroup,dd_dtw_0.6,KNeighborsClassifier,0.76253
DistalPhalanxOutlineAgeGroup,dd_dtw_0.8,KNeighborsClassifier,0.74585
DistalPhalanxOutlineAgeGroup,dd_fdtw_0.4,KNeighborsClassifier,0.7756
DistalPhalanxOutlineAgeGroup,dd_fdtw_0.6,KNeighborsClassifier,0.77184
DistalPhalanxOutlineAgeGroup,dd_fdtw_0.8,KNeighborsClassifier,0.74586
DistalPhalanxOutlineAgeGroup,dd_itakura_0.4,KNeighborsClassifier,0.76442
DistalPhalanxOutlineAgeGroup,dd_itakura_0.6,KNeighborsClassifier,0.76066
DistalPhalanxOutlineAgeGroup,dd_itakura_0.8,KNeighborsClassifier,0.74218
DistalPhalanxOutlineAgeGroup,dd_sakoe_chiba_0.4,KNeighborsClassifier,0.77368
DistalPhalanxOutlineAgeGroup,dd_sakoe_chiba_0.6,KNeighborsClassifier,0.76253
DistalPhalanxOutlineAgeGroup,dd_sakoe_chiba_0.8,KNeighborsClassifier,0.74585
DistalPhalanxTW,dd_dtw_0.4,LinearSVC,0.74569
DistalPhalanxTW,dd_dtw_0.6,LinearSVC,0.72527
DistalPhalanxTW,dd_dtw_0.8,LinearSVC,0.72901
DistalPhalanxTW,dd_fdtw_0.4,LinearSVC,0.73262
DistalPhalanxTW,dd_fdtw_0.6,LinearSVC,0.64204
DistalPhalanxTW,dd_fdtw_0.8,LinearSVC,0.76236
DistalPhalanxTW,dd_itakura_0.4,LinearSVC,0.74391
DistalPhalanxTW,dd_itakura_0.6,LinearSVC,0.72342
DistalPhalanxTW,dd_itakura_0.8,LinearSVC,0.75687
DistalPhalanxTW,dd_sakoe_chiba_0.4,LinearSVC,0.74933
DistalPhalanxTW,dd_sakoe_chiba_0.6,LinearSVC,0.77355
DistalPhalanxTW,dd_sakoe_chiba_0.8,LinearSVC,0.73828
DistalPhalanxTW,dd_dtw_0.4,KNeighborsClassifier,0.70303
DistalPhalanxTW,dd_dtw_0.6,KNeighborsClassifier,0.6974
DistalPhalanxTW,dd_dtw_0.8,KNeighborsClassifier,0.69746
DistalPhalanxTW,dd_fdtw_0.4,KNeighborsClassifier,0.71788
DistalPhalanxTW,dd_fdtw_0.6,KNeighborsClassifier,0.69929
DistalPhalanxTW,dd_fdtw_0.8,KNeighborsClassifier,0.71047
DistalPhalanxTW,dd_itakura_0.4,KNeighborsClassifier,0.7086
DistalPhalanxTW,dd_itakura_0.6,KNeighborsClassifier,0.69927
DistalPhalanxTW,dd_itakura_0.8,KNeighborsClassifier,0.69005
DistalPhalanxTW,dd_sakoe_chiba_0.4,KNeighborsClassifier,0.70303
DistalPhalanxTW,dd_sakoe_chiba_0.6,KNeighborsClassifier,0.6974
DistalPhalanxTW,dd_sakoe_chiba_0.8,KNeighborsClassifier,0.69746
MiddlePhalanxTW,dd_dtw_0.4,LinearSVC,0.56242
MiddlePhalanxTW,dd_dtw_0.6,LinearSVC,0.6077
MiddlePhalanxTW,dd_dtw_0.8,LinearSVC,0.60948
MiddlePhalanxTW,dd_fdtw_0.4,LinearSVC,0.58044
MiddlePhalanxTW,dd_fdtw_0.6,LinearSVC,0.54965
MiddlePhalanxTW,dd_fdtw_0.8,LinearSVC,0.5514
MiddlePhalanxTW,dd_itakura_0.4,LinearSVC,0.57692
MiddlePhalanxTW,dd_itakura_0.6,LinearSVC,0.60046
MiddlePhalanxTW,dd_itakura_0.8,LinearSVC,0.60229
MiddlePhalanxTW,dd_sakoe_chiba_0.4,LinearSVC,0.54793
MiddlePhalanxTW,dd_sakoe_chiba_0.6,LinearSVC,0.58405
MiddlePhalanxTW,dd_sakoe_chiba_0.8,LinearSVC,0.60048
MiddlePhalanxTW,dd_dtw_0.4,KNeighborsClassifier,0.59133
MiddlePhalanxTW,dd_dtw_0.6,KNeighborsClassifier,0.5751
MiddlePhalanxTW,dd_dtw_0.8,KNeighborsClassifier,0.58768
MiddlePhalanxTW,dd_fdtw_0.4,KNeighborsClassifier,0.59495
MiddlePhalanxTW,dd_fdtw_0.6,KNeighborsClassifier,0.58413
MiddlePhalanxTW,dd_fdtw_0.8,KNeighborsClassifier,0.58765
MiddlePhalanxTW,dd_itakura_0.4,KNeighborsClassifier,0.58051
MiddlePhalanxTW,dd_itakura_0.6,KNeighborsClassifier,0.56965
MiddlePhalanxTW,dd_itakura_0.8,KNeighborsClassifier,0.59127
MiddlePhalanxTW,dd_sakoe_chiba_0.4,KNeighborsClassifier,0.59133
MiddlePhalanxTW,dd_sakoe_chiba_0.6,KNeighborsClassifier,0.5751
MiddlePhalanxTW,dd_sakoe_chiba_0.8,KNeighborsClassifier,0.58768
MiddlePhalanxOutlineAgeGroup,dd_dtw_0.4,LinearSVC,0.74563
MiddlePhalanxOutlineAgeGroup,dd_dtw_0.6,LinearSVC,0.74192
MiddlePhalanxOutlineAgeGroup,dd_dtw_0.8,LinearSVC,0.74921
MiddlePhalanxOutlineAgeGroup,dd_fdtw_0.4,LinearSVC,0.71859
MiddlePhalanxOutlineAgeGroup,dd_fdtw_0.6,LinearSVC,0.69856
MiddlePhalanxOutlineAgeGroup,dd_fdtw_0.8,LinearSVC,0.65877
MiddlePhalanxOutlineAgeGroup,dd_itakura_0.4,LinearSVC,0.71846
MiddlePhalanxOutlineAgeGroup,dd_itakura_0.6,LinearSVC,0.73663
MiddlePhalanxOutlineAgeGroup,dd_itakura_0.8,LinearSVC,0.73664
MiddlePhalanxOutlineAgeGroup,dd_sakoe_chiba_0.4,LinearSVC,0.73474
MiddlePhalanxOutlineAgeGroup,dd_sakoe_chiba_0.6,LinearSVC,0.73297
MiddlePhalanxOutlineAgeGroup,dd_sakoe_chiba_0.8,LinearSVC,0.75284
MiddlePhalanxOutlineAgeGroup,dd_dtw_0.4,KNeighborsClassifier,0.67337
MiddlePhalanxOutlineAgeGroup,dd_dtw_0.6,KNeighborsClassifier,0.67872
MiddlePhalanxOutlineAgeGroup,dd_dtw_0.8,KNeighborsClassifier,0.70763
MiddlePhalanxOutlineAgeGroup,dd_fdtw_0.4,KNeighborsClassifier,0.67889
MiddlePhalanxOutlineAgeGroup,dd_fdtw_0.6,KNeighborsClassifier,0.6752
MiddlePhalanxOutlineAgeGroup,dd_fdtw_0.8,KNeighborsClassifier,0.69856
MiddlePhalanxOutlineAgeGroup,dd_itakura_0.4,KNeighborsClassifier,0.67879
MiddlePhalanxOutlineAgeGroup,dd_itakura_0.6,KNeighborsClassifier,0.68411
MiddlePhalanxOutlineAgeGroup,dd_itakura_0.8,KNeighborsClassifier,0.71479
MiddlePhalanxOutlineAgeGroup,dd_sakoe_chiba_0.4,KNeighborsClassifier,0.67337
MiddlePhalanxOutlineAgeGroup,dd_sakoe_chiba_0.6,KNeighborsClassifier,0.67872
MiddlePhalanxOutlineAgeGroup,dd_sakoe_chiba_0.8,KNeighborsClassifier,0.70763
SyntheticControl,dd_dtw_0.4,LinearSVC,0.99333
SyntheticControl,dd_dtw_0.6,LinearSVC,0.99
SyntheticControl,dd_dtw_0.8,LinearSVC,0.98333
SyntheticControl,dd_fdtw_0.4,LinearSVC,0.98667
SyntheticControl,dd_fdtw_0.6,LinearSVC,0.98333
SyntheticControl,dd_fdtw_0.8,LinearSVC,0.96667
SyntheticControl,dd_itakura_0.4,LinearSVC,0.99167
SyntheticControl,dd_itakura_0.6,LinearSVC,0.99333
SyntheticControl,dd_itakura_0.8,LinearSVC,0.99167
SyntheticControl,dd_sakoe_chiba_0.4,LinearSVC,0.99
SyntheticControl,dd_sakoe_chiba_0.6,LinearSVC,0.98667
SyntheticControl,dd_sakoe_chiba_0.8,LinearSVC,0.97333
SyntheticControl,dd_dtw_0.4,KNeighborsClassifier,0.97667
SyntheticControl,dd_dtw_0.6,KNeighborsClassifier,0.935
SyntheticControl,dd_dtw_0.8,KNeighborsClassifier,0.845
SyntheticControl,dd_fdtw_0.4,KNeighborsClassifier,0.955
SyntheticControl,dd_fdtw_0.6,KNeighborsClassifier,0.92167
SyntheticControl,dd_fdtw_0.8,KNeighborsClassifier,0.84
SyntheticControl,dd_itakura_0.4,KNeighborsClassifier,0.97167
SyntheticControl,dd_itakura_0.6,KNeighborsClassifier,0.925
SyntheticControl,dd_itakura_0.8,KNeighborsClassifier,0.85167
SyntheticControl,dd_sakoe_chiba_0.4,KNeighborsClassifier,0.975
SyntheticControl,dd_sakoe_chiba_0.6,KNeighborsClassifier,0.94167
SyntheticControl,dd_sakoe_chiba_0.8,KNeighborsClassifier,0.84167
ProximalPhalanxOutlineAgeGroup,dd_dtw_0.4,LinearSVC,0.84132
ProximalPhalanxOutlineAgeGroup,dd_dtw_0.6,LinearSVC,0.84628
ProximalPhalanxOutlineAgeGroup,dd_dtw_0.8,LinearSVC,0.84793
ProximalPhalanxOutlineAgeGroup,dd_fdtw_0.4,LinearSVC,0.79008
ProximalPhalanxOutlineAgeGroup,dd_fdtw_0.6,LinearSVC,0.81983
ProximalPhalanxOutlineAgeGroup,dd_fdtw_0.8,LinearSVC,0.80992
ProximalPhalanxOutlineAgeGroup,dd_itakura_0.4,LinearSVC,0.84132
ProximalPhalanxOutlineAgeGroup,dd_itakura_0.6,LinearSVC,0.85455
ProximalPhalanxOutlineAgeGroup,dd_itakura_0.8,LinearSVC,0.84628
ProximalPhalanxOutlineAgeGroup,dd_sakoe_chiba_0.4,LinearSVC,0.84628
ProximalPhalanxOutlineAgeGroup,dd_sakoe_chiba_0.6,LinearSVC,0.85124
ProximalPhalanxOutlineAgeGroup,dd_sakoe_chiba_0.8,LinearSVC,0.84628
ProximalPhalanxOutlineAgeGroup,dd_dtw_0.4,KNeighborsClassifier,0.73554
ProximalPhalanxOutlineAgeGroup,dd_dtw_0.6,KNeighborsClassifier,0.74545
ProximalPhalanxOutlineAgeGroup,dd_dtw_0.8,KNeighborsClassifier,0.76694
ProximalPhalanxOutlineAgeGroup,dd_fdtw_0.4,KNeighborsClassifier,0.74711
ProximalPhalanxOutlineAgeGroup,dd_fdtw_0.6,KNeighborsClassifier,0.75041
ProximalPhalanxOutlineAgeGroup,dd_fdtw_0.8,KNeighborsClassifier,0.77025
ProximalPhalanxOutlineAgeGroup,dd_itakura_0.4,KNeighborsClassifier,0.74215
ProximalPhalanxOutlineAgeGroup,dd_itakura_0.6,KNeighborsClassifier,0.75702
ProximalPhalanxOutlineAgeGroup,dd_itakura_0.8,KNeighborsClassifier,0.76364
ProximalPhalanxOutlineAgeGroup,dd_sakoe_chiba_0.4,KNeighborsClassifier,0.73554
ProximalPhalanxOutlineAgeGroup,dd_sakoe_chiba_0.6,KNeighborsClassifier,0.74545
ProximalPhalanxOutlineAgeGroup,dd_sakoe_chiba_0.8,KNeighborsClassifier,0.76694
ProximalPhalanxTW,dd_dtw_0.4,LinearSVC,0.80496
ProximalPhalanxTW,dd_dtw_0.6,LinearSVC,0.81322
ProximalPhalanxTW,dd_dtw_0.8,LinearSVC,0.81488
ProximalPhalanxTW,dd_fdtw_0.4,LinearSVC,0.81322
ProximalPhalanxTW,dd_fdtw_0.6,LinearSVC,0.80661
ProximalPhalanxTW,dd_fdtw_0.8,LinearSVC,0.68264
ProximalPhalanxTW,dd_itakura_0.4,LinearSVC,0.81157
ProximalPhalanxTW,dd_itakura_0.6,LinearSVC,0.81488
ProximalPhalanxTW,dd_itakura_0.8,LinearSVC,0.81157
ProximalPhalanxTW,dd_sakoe_chiba_0.4,LinearSVC,0.80826
ProximalPhalanxTW,dd_sakoe_chiba_0.6,LinearSVC,0.80826
ProximalPhalanxTW,dd_sakoe_chiba_0.8,LinearSVC,0.81653
ProximalPhalanxTW,dd_dtw_0.4,KNeighborsClassifier,0.75868
ProximalPhalanxTW,dd_dtw_0.6,KNeighborsClassifier,0.76198
ProximalPhalanxTW,dd_dtw_0.8,KNeighborsClassifier,0.74876
ProximalPhalanxTW,dd_fdtw_0.4,KNeighborsClassifier,0.75702
ProximalPhalanxTW,dd_fdtw_0.6,KNeighborsClassifier,0.77521
ProximalPhalanxTW,dd_fdtw_0.8,KNeighborsClassifier,0.77025
ProximalPhalanxTW,dd_itakura_0.4,KNeighborsClassifier,0.76529
ProximalPhalanxTW,dd_itakura_0.6,KNeighborsClassifier,0.76529
ProximalPhalanxTW,dd_itakura_0.8,KNeighborsClassifier,0.74876
ProximalPhalanxTW,dd_sakoe_chiba_0.4,KNeighborsClassifier,0.75868
ProximalPhalanxTW,dd_sakoe_chiba_0.6,KNeighborsClassifier,0.76198
ProximalPhalanxTW,dd_sakoe_chiba_0.8,KNeighborsClassifier,0.74876
SonyAIBORobotSurface1,dd_dtw_0.4,LinearSVC,0.98227
SonyAIBORobotSurface1,dd_dtw_0.6,LinearSVC,0.98711
SonyAIBORobotSurface1,dd_dtw_0.8,LinearSVC,0.98388
SonyAIBORobotSurface1,dd_fdtw_0.4,LinearSVC,0.9871
SonyAIBORobotSurface1,dd_fdtw_0.6,LinearSVC,0.98388
SonyAIBORobotSurface1,dd_fdtw_0.8,LinearSVC,0.9855
SonyAIBORobotSurface1,dd_itakura_0.4,LinearSVC,0.98711
SonyAIBORobotSurface1,dd_itakura_0.6,LinearSVC,0.9855
SonyAIBORobotSurface1,dd_itakura_0.8,LinearSVC,0.98227
SonyAIBORobotSurface1,dd_sakoe_chiba_0.4,LinearSVC,0.98387
SonyAIBORobotSurface1,dd_sakoe_chiba_0.6,LinearSVC,0.98388
SonyAIBORobotSurface1,dd_sakoe_chiba_0.8,LinearSVC,0.98227
SonyAIBORobotSurface1,dd_dtw_0.4,KNeighborsClassifier,0.97422
SonyAIBORobotSurface1,dd_dtw_0.6,KNeighborsClassifier,0.97422
SonyAIBORobotSurface1,dd_dtw_0.8,KNeighborsClassifier,0.96943
SonyAIBORobotSurface1,dd_fdtw_0.4,KNeighborsClassifier,0.98067
SonyAIBORobotSurface1,dd_fdtw_0.6,KNeighborsClassifier,0.97586
SonyAIBORobotSurface1,dd_fdtw_0.8,KNeighborsClassifier,0.94849
SonyAIBORobotSurface1,dd_itakura_0.4,KNeighborsClassifier,0.97585
SonyAIBORobotSurface1,dd_itakura_0.6,KNeighborsClassifier,0.97103
SonyAIBORobotSurface1,dd_itakura_0.8,KNeighborsClassifier,0.96622
SonyAIBORobotSurface1,dd_sakoe_chiba_0.4,KNeighborsClassifier,0.97583
SonyAIBORobotSurface1,dd_sakoe_chiba_0.6,KNeighborsClassifier,0.97583
SonyAIBORobotSurface1,dd_sakoe_chiba_0.8,KNeighborsClassifier,0.97103
DistalPhalanxOutlineCorrect,dd_dtw_0.4,LinearSVC,0.77048
DistalPhalanxOutlineCorrect,dd_dtw_0.6,LinearSVC,0.79449
DistalPhalanxOutlineCorrect,dd_dtw_0.8,LinearSVC,0.81845
DistalPhalanxOutlineCorrect,dd_fdtw_0.4,LinearSVC,0.7956
DistalPhalanxOutlineCorrect,dd_fdtw_0.6,LinearSVC,0.77858
DistalPhalanxOutlineCorrect,dd_fdtw_0.8,LinearSVC,0.73158
DistalPhalanxOutlineCorrect,dd_itakura_0.4,LinearSVC,0.82076
DistalPhalanxOutlineCorrect,dd_itakura_0.6,LinearSVC,0.83791
DistalPhalanxOutlineCorrect,dd_itakura_0.8,LinearSVC,0.82301
DistalPhalanxOutlineCorrect,dd_sakoe_chiba_0.4,LinearSVC,0.80708
DistalPhalanxOutlineCorrect,dd_sakoe_chiba_0.6,LinearSVC,0.81275
DistalPhalanxOutlineCorrect,dd_sakoe_chiba_0.8,LinearSVC,0.82875
DistalPhalanxOutlineCorrect,dd_dtw_0.4,KNeighborsClassifier,0.77623
DistalPhalanxOutlineCorrect,dd_dtw_0.6,KNeighborsClassifier,0.79108
DistalPhalanxOutlineCorrect,dd_dtw_0.8,KNeighborsClassifier,0.78423
DistalPhalanxOutlineCorrect,dd_fdtw_0.4,KNeighborsClassifier,0.76257
DistalPhalanxOutlineCorrect,dd_fdtw_0.6,KNeighborsClassifier,0.7717
DistalPhalanxOutlineCorrect,dd_fdtw_0.8,KNeighborsClassifier,0.77853
DistalPhalanxOutlineCorrect,dd_itakura_0.4,KNeighborsClassifier,0.78081
DistalPhalanxOutlineCorrect,dd_itakura_0.6,KNeighborsClassifier,0.78538
DistalPhalanxOutlineCorrect,dd_itakura_0.8,KNeighborsClassifier,0.79224
DistalPhalanxOutlineCorrect,dd_sakoe_chiba_0.4,KNeighborsClassifier,0.77738
DistalPhalanxOutlineCorrect,dd_sakoe_chiba_0.6,KNeighborsClassifier,0.78994
DistalPhalanxOutlineCorrect,dd_sakoe_chiba_0.8,KNeighborsClassifier,0.78651
ProximalPhalanxOutlineCorrect,dd_dtw_0.4,LinearSVC,0.86649
ProximalPhalanxOutlineCorrect,dd_dtw_0.6,LinearSVC,0.8866
ProximalPhalanxOutlineCorrect,dd_dtw_0.8,LinearSVC,0.87543
ProximalPhalanxOutlineCorrect,dd_fdtw_0.4,LinearSVC,0.82713
ProximalPhalanxOutlineCorrect,dd_fdtw_0.6,LinearSVC,0.86983
ProximalPhalanxOutlineCorrect,dd_fdtw_0.8,LinearSVC,0.78909
ProximalPhalanxOutlineCorrect,dd_itakura_0.4,LinearSVC,0.84845
ProximalPhalanxOutlineCorrect,dd_itakura_0.6,LinearSVC,0.86868
ProximalPhalanxOutlineCorrect,dd_itakura_0.8,LinearSVC,0.87096
ProximalPhalanxOutlineCorrect,dd_sakoe_chiba_0.4,LinearSVC,0.7979
ProximalPhalanxOutlineCorrect,dd_sakoe_chiba_0.6,LinearSVC,0.87426
ProximalPhalanxOutlineCorrect,dd_sakoe_chiba_0.8,LinearSVC,0.87876
ProximalPhalanxOutlineCorrect,dd_dtw_0.4,KNeighborsClassifier,0.80137
ProximalPhalanxOutlineCorrect,dd_dtw_0.6,KNeighborsClassifier,0.81037
ProximalPhalanxOutlineCorrect,dd_dtw_0.8,KNeighborsClassifier,0.81483
ProximalPhalanxOutlineCorrect,dd_fdtw_0.4,KNeighborsClassifier,0.79915
ProximalPhalanxOutlineCorrect,dd_fdtw_0.6,KNeighborsClassifier,0.80698
ProximalPhalanxOutlineCorrect,dd_fdtw_0.8,KNeighborsClassifier,0.79911
ProximalPhalanxOutlineCorrect,dd_itakura_0.4,KNeighborsClassifier,0.80362
ProximalPhalanxOutlineCorrect,dd_itakura_0.6,KNeighborsClassifier,0.80475
ProximalPhalanxOutlineCorrect,dd_itakura_0.8,KNeighborsClassifier,0.81147
ProximalPhalanxOutlineCorrect,dd_sakoe_chiba_0.4,KNeighborsClassifier,0.80137
ProximalPhalanxOutlineCorrect,dd_sakoe_chiba_0.6,KNeighborsClassifier,0.81037
ProximalPhalanxOutlineCorrect,dd_sakoe_chiba_0.8,KNeighborsClassifier,0.81483
MiddlePhalanxOutlineCorrect,dd_dtw_0.4,LinearSVC,0.82268
MiddlePhalanxOutlineCorrect,dd_dtw_0.6,LinearSVC,0.82042
MiddlePhalanxOutlineCorrect,dd_dtw_0.8,LinearSVC,0.83167
MiddlePhalanxOutlineCorrect,dd_fdtw_0.4,LinearSVC,0.79015
MiddlePhalanxOutlineCorrect,dd_fdtw_0.6,LinearSVC,0.7701
MiddlePhalanxOutlineCorrect,dd_fdtw_0.8,LinearSVC,0.78682
MiddlePhalanxOutlineCorrect,dd_itakura_0.4,LinearSVC,0.83727
MiddlePhalanxOutlineCorrect,dd_itakura_0.6,LinearSVC,0.8384
MiddlePhalanxOutlineCorrect,dd_itakura_0.8,LinearSVC,0.84965
MiddlePhalanxOutlineCorrect,dd_sakoe_chiba_0.4,LinearSVC,0.80021
MiddlePhalanxOutlineCorrect,dd_sakoe_chiba_0.6,LinearSVC,0.84176
MiddlePhalanxOutlineCorrect,dd_sakoe_chiba_0.8,LinearSVC,0.83616
MiddlePhalanxOutlineCorrect,dd_dtw_0.4,KNeighborsClassifier,0.74861
MiddlePhalanxOutlineCorrect,dd_dtw_0.6,KNeighborsClassifier,0.7598
MiddlePhalanxOutlineCorrect,dd_dtw_0.8,KNeighborsClassifier,0.75981
MiddlePhalanxOutlineCorrect,dd_fdtw_0.4,KNeighborsClassifier,0.74639
MiddlePhalanxOutlineCorrect,dd_fdtw_0.6,KNeighborsClassifier,0.7632
MiddlePhalanxOutlineCorrect,dd_fdtw_0.8,KNeighborsClassifier,0.76318
MiddlePhalanxOutlineCorrect,dd_itakura_0.4,KNeighborsClassifier,0.74862
MiddlePhalanxOutlineCorrect,dd_itakura_0.6,KNeighborsClassifier,0.75305
MiddlePhalanxOutlineCorrect,dd_itakura_0.8,KNeighborsClassifier,0.74972
MiddlePhalanxOutlineCorrect,dd_sakoe_chiba_0.4,KNeighborsClassifier,0.74749
MiddlePhalanxOutlineCorrect,dd_sakoe_chiba_0.6,KNeighborsClassifier,0.7598
MiddlePhalanxOutlineCorrect,dd_sakoe_chiba_0.8,KNeighborsClassifier,0.75981
SonyAIBORobotSurface2,dd_dtw_0.4,LinearSVC,0.98367
SonyAIBORobotSurface2,dd_dtw_0.6,LinearSVC,0.98061
SonyAIBORobotSurface2,dd_dtw_0.8,LinearSVC,0.98163
SonyAIBORobotSurface2,dd_fdtw_0.4,LinearSVC,0.97143
SonyAIBORobotSurface2,dd_fdtw_0.6,LinearSVC,0.97755
SonyAIBORobotSurface2,dd_fdtw_0.8,LinearSVC,0.97755
SonyAIBORobotSurface2,dd_itakura_0.4,LinearSVC,0.98061
SonyAIBORobotSurface2,dd_itakura_0.6,LinearSVC,0.97857
SonyAIBORobotSurface2,dd_itakura_0.8,LinearSVC,0.97857
SonyAIBORobotSurface2,dd_sakoe_chiba_0.4,LinearSVC,0.97959
SonyAIBORobotSurface2,dd_sakoe_chiba_0.6,LinearSVC,0.97857
SonyAIBORobotSurface2,dd_sakoe_chiba_0.8,LinearSVC,0.98061
SonyAIBORobotSurface2,dd_dtw_0.4,KNeighborsClassifier,0.97347
SonyAIBORobotSurface2,dd_dtw_0.6,KNeighborsClassifier,0.97449
SonyAIBORobotSurface2,dd_dtw_0.8,KNeighborsClassifier,0.97449
SonyAIBORobotSurface2,dd_fdtw_0.4,KNeighborsClassifier,0.97857
SonyAIBORobotSurface2,dd_fdtw_0.6,KNeighborsClassifier,0.97755
SonyAIBORobotSurface2,dd_fdtw_0.8,KNeighborsClassifier,0.97347
SonyAIBORobotSurface2,dd_itakura_0.4,KNeighborsClassifier,0.97551
SonyAIBORobotSurface2,dd_itakura_0.6,KNeighborsClassifier,0.97347
SonyAIBORobotSurface2,dd_itakura_0.8,KNeighborsClassifier,0.97653
SonyAIBORobotSurface2,dd_sakoe_chiba_0.4,KNeighborsClassifier,0.97551
SonyAIBORobotSurface2,dd_sakoe_chiba_0.6,KNeighborsClassifier,0.97449
SonyAIBORobotSurface2,dd_sakoe_chiba_0.8,KNeighborsClassifier,0.97449
ItalyPowerDemand,dd_dtw_0.4,LinearSVC,0.93888
ItalyPowerDemand,dd_dtw_0.6,LinearSVC,0.96079
ItalyPowerDemand,dd_dtw_0.8,LinearSVC,0.96442
ItalyPowerDemand,dd_fdtw_0.4,LinearSVC,0.95895
ItalyPowerDemand,dd_fdtw_0.6,LinearSVC,0.96077
ItalyPowerDemand,dd_fdtw_0.8,LinearSVC,0.96259
ItalyPowerDemand,dd_itakura_0.4,LinearSVC,0.96167
ItalyPowerDemand,dd_itakura_0.6,LinearSVC,0.97355
ItalyPowerDemand,dd_itakura_0.8,LinearSVC,0.95622
ItalyPowerDemand,dd_sakoe_chiba_0.4,LinearSVC,0.97172
ItalyPowerDemand,dd_sakoe_chiba_0.6,LinearSVC,0.96533
ItalyPowerDemand,dd_sakoe_chiba_0.8,LinearSVC,0.9635
ItalyPowerDemand,dd_dtw_0.4,KNeighborsClassifier,0.94893
ItalyPowerDemand,dd_dtw_0.6,KNeighborsClassifier,0.94437
ItalyPowerDemand,dd_dtw_0.8,KNeighborsClassifier,0.93706
ItalyPowerDemand,dd_fdtw_0.4,KNeighborsClassifier,0.94619
ItalyPowerDemand,dd_fdtw_0.6,KNeighborsClassifier,0.94618
ItalyPowerDemand,dd_fdtw_0.8,KNeighborsClassifier,0.93614
ItalyPowerDemand,dd_itakura_0.4,KNeighborsClassifier,0.9535
ItalyPowerDemand,dd_itakura_0.6,KNeighborsClassifier,0.94619
ItalyPowerDemand,dd_itakura_0.8,KNeighborsClassifier,0.94345
ItalyPowerDemand,dd_sakoe_chiba_0.4,KNeighborsClassifier,0.94984
ItalyPowerDemand,dd_sakoe_chiba_0.6,KNeighborsClassifier,0.94528
ItalyPowerDemand,dd_sakoe_chiba_0.8,KNeighborsClassifier,0.93979
TwoLeadECG,dd_dtw_0.4,LinearSVC,0.99914
TwoLeadECG,dd_dtw_0.6,LinearSVC,0.99914
TwoLeadECG,dd_dtw_0.8,LinearSVC,0.99914
TwoLeadECG,dd_fdtw_0.4,LinearSVC,0.99828
TwoLeadECG,dd_fdtw_0.6,LinearSVC,0.99828
TwoLeadECG,dd_fdtw_0.8,LinearSVC,1
TwoLeadECG,dd_itakura_0.4,LinearSVC,0.99914
TwoLeadECG,dd_itakura_0.6,LinearSVC,0.99914
TwoLeadECG,dd_itakura_0.8,LinearSVC,1
TwoLeadECG,dd_sakoe_chiba_0.4,LinearSVC,0.99914
TwoLeadECG,dd_sakoe_chiba_0.6,LinearSVC,0.99914
TwoLeadECG,dd_sakoe_chiba_0.8,LinearSVC,0.99914
TwoLeadECG,dd_dtw_0.4,KNeighborsClassifier,1
TwoLeadECG,dd_dtw_0.6,KNeighborsClassifier,0.99914
TwoLeadECG,dd_dtw_0.8,KNeighborsClassifier,0.99914
TwoLeadECG,dd_fdtw_0.4,KNeighborsClassifier,0.99914
TwoLeadECG,dd_fdtw_0.6,KNeighborsClassifier,0.99914
TwoLeadECG,dd_fdtw_0.8,KNeighborsClassifier,0.99914
TwoLeadECG,dd_itakura_0.4,KNeighborsClassifier,1
TwoLeadECG,dd_itakura_0.6,KNeighborsClassifier,1
TwoLeadECG,dd_itakura_0.8,KNeighborsClassifier,0.99914
TwoLeadECG,dd_sakoe_chiba_0.4,KNeighborsClassifier,1
TwoLeadECG,dd_sakoe_chiba_0.6,KNeighborsClassifier,0.99914
TwoLeadECG,dd_sakoe_chiba_0.8,KNeighborsClassifier,0.99914
